schema_version,timestamp_utc,run_id,source,prompt_id,prompt,base_model_repo_id,base_model_revision,tokenizer_repo_id,tokenizer_revision,jlens_repo_id,jlens_revision,jlens_filename,jlens_code_commit,runtime_dtype,attention_implementation,seed,method,layer,position,target,target_token_id,target_token,target_logit,target_rank,top_k
1,2026-09-03T06:24:37.395572+00:00,run_20260903T045230Z_qwen36_gold_blue_jlens,vendor/jacobian-lens/data/evaluations/lens-eval-multihop.json,jlens_sanity_mars-color,Fact: The color of the planet fourth from the Sun is ,Qwen/Qwen3.6-27B,6a9e13bd6fc8f0983b9b99948120bc37f49c13e9,Qwen/Qwen3.6-27B,6a9e13bd6fc8f0983b9b99948120bc37f49c13e9,neuronpedia/jacobian-lens,91271eb5b15a43eebed7bb447618738754f1379a,qwen3.6-27b/jlens/Salesforce-wikitext/Qwen3.6-27B_jacobian_lens_n1000.pt,581d398613e5602a5af361e1c34d3a92ea82ba8e,bfloat16,flash_attention_2,7,logit_lens,0,12,Mars,20403, Mars,-0.8671875,13985,"[{'token_id': 220, 'token': ' ', 'logit': 6.09375}, {'token_id': 13, 'token': '.', 'logit': 5.28125}, {'token_id': 11, 'token': ',', 'logit': 5.15625}, {'token_id': 318, 'token': ' (', 'logit': 5.03125}, {'token_id': 12, 'token': '-', 'logit': 4.96875}, {'token_id': 14, 'token': '/', 'logit': 4.6875}, {'token_id': 198, 'token': '\n', 'logit': 4.625}, {'token_id': 1076, 'token': '...', 'logit': 4.53125}, {'token_id': 0, 'token': '!', 'logit': 4.34375}, {'token_id': 7, 'token': '(', 'logit': 4.3125}]"
1,2026-09-03T06:24:37.415340+00:00,run_20260903T045230Z_qwen36_gold_blue_jlens,vendor/jacobian-lens/data/evaluations/lens-eval-multihop.json,jlens_sanity_mars-color,Fact: The color of the planet fourth from the Sun is ,Qwen/Qwen3.6-27B,6a9e13bd6fc8f0983b9b99948120bc37f49c13e9,Qwen/Qwen3.6-27B,6a9e13bd6fc8f0983b9b99948120bc37f49c13e9,neuronpedia/jacobian-lens,91271eb5b15a43eebed7bb447618738754f1379a,qwen3.6-27b/jlens/Salesforce-wikitext/Qwen3.6-27B_jacobian_lens_n1000.pt,581d398613e5602a5af361e1c34d3a92ea82ba8e,bfloat16,flash_attention_2,7,jlens,0,12,Mars,20403, Mars,-0.2470703125,127496,"[{'token_id': 1317, 'token': ' –', 'logit': 14.25}, {'token_id': 13, 'token': '.', 'logit': 12.5625}, {'token_id': 4006, 'token': '–', 'logit': 12.5625}, {'token_id': 50412, 'token': '…..', 'logit': 12.25}, {'token_id': 8965, 'token': '\xa0\xa0', 'logit': 11.6875}, {'token_id': 19805, 'token': '….', 'logit': 11.5625}, {'token_id': 3966, 'token': '\xa0', 'logit': 11.0}, {'token_id': 69906, 'token': ' \u200b\u200b', 'logit': 10.5625}, {'token_id': 12, 'token': '-', 'logit': 10.125}, {'token_id': 26594, 'token': ' 🙂', 'logit': 9.875}]"
1,2026-09-03T06:24:37.420596+00:00,run_20260903T045230Z_qwen36_gold_blue_jlens,vendor/jacobian-lens/data/evaluations/lens-eval-multihop.json,jlens_sanity_mars-color,Fact: The color of the planet fourth from the Sun is ,Qwen/Qwen3.6-27B,6a9e13bd6fc8f0983b9b99948120bc37f49c13e9,Qwen/Qwen3.6-27B,6a9e13bd6fc8f0983b9b99948120bc37f49c13e9,neuronpedia/jacobian-lens,91271eb5b15a43eebed7bb447618738754f1379a,qwen3.6-27b/jlens/Salesforce-wikitext/Qwen3.6-27B_jacobian_lens_n1000.pt,581d398613e5602a5af361e1c34d3a92ea82ba8e,bfloat16,flash_attention_2,7,logit_lens,1,12,Mars,20403, Mars,-0.859375,13897,"[{'token_id': 220, 'token': ' ', 'logit': 6.15625}, {'token_id': 13, 'token': '.', 'logit': 5.46875}, {'token_id': 11, 'token': ',', 'logit': 5.1875}, {'token_id': 12, 'token': '-', 'logit': 5.0625}, {'token_id': 318, 'token': ' (', 'logit': 4.90625}, {'token_id': 1076, 'token': '...', 'logit': 4.84375}, {'token_id': 198, 'token': '\n', 'logit': 4.6875}, {'token_id': 0, 'token': '!', 'logit': 4.625}, {'token_id': 14, 'token': '/', 'logit': 4.53125}, {'token_id': 25, 'token': ':', 'logit': 4.40625}]"
1,2026-09-03T06:24:37.437242+00:00,run_20260903T045230Z_qwen36_gold_blue_jlens,vendor/jacobian-lens/data/evaluations/lens-eval-multihop.json,jlens_sanity_mars-color,Fact: The color of the planet fourth from the Sun is ,Qwen/Qwen3.6-27B,6a9e13bd6fc8f0983b9b99948120bc37f49c13e9,Qwen/Qwen3.6-27B,6a9e13bd6fc8f0983b9b99948120bc37f49c13e9,neuronpedia/jacobian-lens,91271eb5b15a43eebed7bb447618738754f1379a,qwen3.6-27b/jlens/Salesforce-wikitext/Qwen3.6-27B_jacobian_lens_n1000.pt,581d398613e5602a5af361e1c34d3a92ea82ba8e,bfloat16,flash_attention_2,7,jlens,1,12,Mars,20403, Mars,0.05078125,193015,"[{'token_id': 184142, 'token': ' –**', 'logit': 9.375}, {'token_id': 233546, 'token': ' Hidal', 'logit': 8.9375}, {'token_id': 52986, 'token': 'aleigh', 'logit': 8.875}, {'token_id': 194600, 'token': ' Strec', 'logit': 8.875}, {'token_id': 17913, 'token': 'obuf', 'logit': 8.6875}, {'token_id': 132360, 'token': '用书', 'logit': 8.1875}, {'token_id': 1317, 'token': ' –', 'logit': 8.125}, {'token_id': 232627, 'token': ' сбаланси', 'logit': 8.0625}, {'token_id': 86609, 'token': ' Hannity', 'logit': 8.0}, {'token_id': 231705, 'token': ' rasseg', 'logit': 7.96875}]"
1,2026-09-03T06:24:37.440443+00:00,run_20260903T045230Z_qwen36_gold_blue_jlens,vendor/jacobian-lens/data/evaluations/lens-eval-multihop.json,jlens_sanity_mars-color,Fact: The color of the planet fourth from the Sun is ,Qwen/Qwen3.6-27B,6a9e13bd6fc8f0983b9b99948120bc37f49c13e9,Qwen/Qwen3.6-27B,6a9e13bd6fc8f0983b9b99948120bc37f49c13e9,neuronpedia/jacobian-lens,91271eb5b15a43eebed7bb447618738754f1379a,qwen3.6-27b/jlens/Salesforce-wikitext/Qwen3.6-27B_jacobian_lens_n1000.pt,581d398613e5602a5af361e1c34d3a92ea82ba8e,bfloat16,flash_attention_2,7,logit_lens,2,12,Mars,20403, Mars,-0.921875,16011,"[{'token_id': 220, 'token': ' ', 'logit': 6.1875}, {'token_id': 13, 'token': '.', 'logit': 5.46875}, {'token_id': 11, 'token': ',', 'logit': 5.375}, {'token_id': 1076, 'token': '...', 'logit': 5.1875}, {'token_id': 318, 'token': ' (', 'logit': 4.75}, {'token_id': 12, 'token': '-', 'logit': 4.59375}, {'token_id': 0, 'token': '!', 'logit': 4.5625}, {'token_id': 198, 'token': '\n', 'logit': 4.5}, {'token_id': 264, 'token': ' a', 'logit': 4.3125}, {'token_id': 14, 'token': '/', 'logit': 4.3125}]"
1,2026-09-03T06:24:37.473636+00:00,run_20260903T045230Z_qwen36_gold_blue_jlens,vendor/jacobian-lens/data/evaluations/lens-eval-multihop.json,jlens_sanity_mars-color,Fact: The color of the planet fourth from the Sun is ,Qwen/Qwen3.6-27B,6a9e13bd6fc8f0983b9b99948120bc37f49c13e9,Qwen/Qwen3.6-27B,6a9e13bd6fc8f0983b9b99948120bc37f49c13e9,neuronpedia/jacobian-lens,91271eb5b15a43eebed7bb447618738754f1379a,qwen3.6-27b/jlens/Salesforce-wikitext/Qwen3.6-27B_jacobian_lens_n1000.pt,581d398613e5602a5af361e1c34d3a92ea82ba8e,bfloat16,flash_attention_2,7,jlens,2,12,Mars,20403, Mars,1.46875,117879,"[{'token_id': 180201, 'token': '**–', 'logit': 10.0625}, {'token_id': 177177, 'token': ' **–', 'logit': 9.625}, {'token_id': 26594, 'token': ' 🙂', 'logit': 9.3125}, {'token_id': 184142, 'token': ' –**', 'logit': 9.25}, {'token_id': 79734, 'token': 'уй', 'logit': 9.25}, {'token_id': 1317, 'token': ' –', 'logit': 9.125}, {'token_id': 69906, 'token': ' \u200b\u200b', 'logit': 9.125}, {'token_id': 29523, 'token': 'VERY', 'logit': 8.875}, {'token_id': 50412, 'token': '…..', 'logit': 8.875}, {'token_id': 82957, 'token': '–and', 'logit': 8.5625}]"
1,2026-09-03T06:24:37.487456+00:00,run_20260903T045230Z_qwen36_gold_blue_jlens,vendor/jacobian-lens/data/evaluations/lens-eval-multihop.json,jlens_sanity_mars-color,Fact: The color of the planet fourth from the Sun is ,Qwen/Qwen3.6-27B,6a9e13bd6fc8f0983b9b99948120bc37f49c13e9,Qwen/Qwen3.6-27B,6a9e13bd6fc8f0983b9b99948120bc37f49c13e9,neuronpedia/jacobian-lens,91271eb5b15a43eebed7bb447618738754f1379a,qwen3.6-27b/jlens/Salesforce-wikitext/Qwen3.6-27B_jacobian_lens_n1000.pt,581d398613e5602a5af361e1c34d3a92ea82ba8e,bfloat16,flash_attention_2,7,logit_lens,3,12,Mars,20403, Mars,-0.7890625,13029,"[{'token_id': 220, 'token': ' ', 'logit': 6.125}, {'token_id': 13, 'token': '.', 'logit': 5.40625}, {'token_id': 1076, 'token': '...', 'logit': 5.1875}, {'token_id': 11, 'token': ',', 'logit': 5.125}, {'token_id': 12, 'token': '-', 'logit': 4.84375}, {'token_id': 198, 'token': '\n', 'logit': 4.71875}, {'token_id': 318, 'token': ' (', 'logit': 4.6875}, {'token_id': 0, 'token': '!', 'logit': 4.65625}, {'token_id': 14, 'token': '/', 'logit': 4.5}, {'token_id': 25, 'token': ':', 'logit': 4.4375}]"
1,2026-09-03T06:24:37.569334+00:00,run_20260903T045230Z_qwen36_gold_blue_jlens,vendor/jacobian-lens/data/evaluations/lens-eval-multihop.json,jlens_sanity_mars-color,Fact: The color of the planet fourth from the Sun is ,Qwen/Qwen3.6-27B,6a9e13bd6fc8f0983b9b99948120bc37f49c13e9,Qwen/Qwen3.6-27B,6a9e13bd6fc8f0983b9b99948120bc37f49c13e9,neuronpedia/jacobian-lens,91271eb5b15a43eebed7bb447618738754f1379a,qwen3.6-27b/jlens/Salesforce-wikitext/Qwen3.6-27B_jacobian_lens_n1000.pt,581d398613e5602a5af361e1c34d3a92ea82ba8e,bfloat16,flash_attention_2,7,jlens,3,12,Mars,20403, Mars,-0.51171875,218043,"[{'token_id': 88804, 'token': ' milfs', 'logit': 11.1875}, {'token_id': 70949, 'token': ' Shemale', 'logit': 9.8125}, {'token_id': 81114, 'token': ' Blowjob', 'logit': 9.4375}, {'token_id': 82641, 'token': ' Bbw', 'logit': 9.25}, {'token_id': 157333, 'token': 'aruhi', 'logit': 9.125}, {'token_id': 69731, 'token': ' pornstar', 'logit': 9.125}, {'token_id': 194600, 'token': ' Strec', 'logit': 9.0}, {'token_id': 224009, 'token': ' όλε', 'logit': 8.75}, {'token_id': 233546, 'token': ' Hidal', 'logit': 8.6875}, {'token_id': 180891, 'token': ' Pubbl', 'logit': 8.6875}]"
1,2026-09-03T06:24:37.572715+00:00,run_20260903T045230Z_qwen36_gold_blue_jlens,vendor/jacobian-lens/data/evaluations/lens-eval-multihop.json,jlens_sanity_mars-color,Fact: The color of the planet fourth from the Sun is ,Qwen/Qwen3.6-27B,6a9e13bd6fc8f0983b9b99948120bc37f49c13e9,Qwen/Qwen3.6-27B,6a9e13bd6fc8f0983b9b99948120bc37f49c13e9,neuronpedia/jacobian-lens,91271eb5b15a43eebed7bb447618738754f1379a,qwen3.6-27b/jlens/Salesforce-wikitext/Qwen3.6-27B_jacobian_lens_n1000.pt,581d398613e5602a5af361e1c34d3a92ea82ba8e,bfloat16,flash_attention_2,7,logit_lens,4,12,Mars,20403, Mars,-0.72265625,12055,"[{'token_id': 220, 'token': ' ', 'logit': 6.125}, {'token_id': 13, 'token': '.', 'logit': 5.375}, {'token_id': 1076, 'token': '...', 'logit': 5.34375}, {'token_id': 11, 'token': ',', 'logit': 5.1875}, {'token_id': 12, 'token': '-', 'logit': 4.8125}, {'token_id': 0, 'token': '!', 'logit': 4.71875}, {'token_id': 198, 'token': '\n', 'logit': 4.6875}, {'token_id': 318, 'token': ' (', 'logit': 4.625}, {'token_id': 25, 'token': ':', 'logit': 4.46875}, {'token_id': 14, 'token': '/', 'logit': 4.4375}]"
1,2026-09-03T06:24:37.589340+00:00,run_20260903T045230Z_qwen36_gold_blue_jlens,vendor/jacobian-lens/data/evaluations/lens-eval-multihop.json,jlens_sanity_mars-color,Fact: The color of the planet fourth from the Sun is ,Qwen/Qwen3.6-27B,6a9e13bd6fc8f0983b9b99948120bc37f49c13e9,Qwen/Qwen3.6-27B,6a9e13bd6fc8f0983b9b99948120bc37f49c13e9,neuronpedia/jacobian-lens,91271eb5b15a43eebed7bb447618738754f1379a,qwen3.6-27b/jlens/Salesforce-wikitext/Qwen3.6-27B_jacobian_lens_n1000.pt,581d398613e5602a5af361e1c34d3a92ea82ba8e,bfloat16,flash_attention_2,7,jlens,4,12,Mars,20403, Mars,-0.19921875,173741,"[{'token_id': 68314, 'token': ' maths', 'logit': 9.6875}, {'token_id': 101074, 'token': '典礼', 'logit': 8.25}, {'token_id': 187113, 'token': ' **#', 'logit': 8.0}, {'token_id': 58929, 'token': '.nz', 'logit': 7.9375}, {'token_id': 136158, 'token': '港币', 'logit': 7.78125}, {'token_id': 89384, 'token': ' Maths', 'logit': 7.75}, {'token_id': 93424, 'token': ' Vinci', 'logit': 7.65625}, {'token_id': 85436, 'token': ' Aluminium', 'logit': 7.59375}, {'token_id': 145916, 'token': '零八', 'logit': 7.53125}, {'token_id': 77075, 'token': 'plorer', 'logit': 7.5}]"
1,2026-09-03T06:24:37.593847+00:00,run_20260903T045230Z_qwen36_gold_blue_jlens,vendor/jacobian-lens/data/evaluations/lens-eval-multihop.json,jlens_sanity_mars-color,Fact: The color of the planet fourth from the Sun is ,Qwen/Qwen3.6-27B,6a9e13bd6fc8f0983b9b99948120bc37f49c13e9,Qwen/Qwen3.6-27B,6a9e13bd6fc8f0983b9b99948120bc37f49c13e9,neuronpedia/jacobian-lens,91271eb5b15a43eebed7bb447618738754f1379a,qwen3.6-27b/jlens/Salesforce-wikitext/Qwen3.6-27B_jacobian_lens_n1000.pt,581d398613e5602a5af361e1c34d3a92ea82ba8e,bfloat16,flash_attention_2,7,logit_lens,5,12,Mars,20403, Mars,-0.458984375,7814,"[{'token_id': 220, 'token': ' ', 'logit': 6.25}, {'token_id': 1076, 'token': '...', 'logit': 5.65625}, {'token_id': 13, 'token': '.', 'logit': 5.5625}, {'token_id': 11, 'token': ',', 'logit': 5.375}, {'token_id': 12, 'token': '-', 'logit': 4.90625}, {'token_id': 318, 'token': ' (', 'logit': 4.875}, {'token_id': 0, 'token': '!', 'logit': 4.75}, {'token_id': 198, 'token': '\n', 'logit': 4.75}, {'token_id': 25, 'token': ':', 'logit': 4.65625}, {'token_id': 14, 'token': '/', 'logit': 4.5}]"
1,2026-09-03T06:24:37.668372+00:00,run_20260903T045230Z_qwen36_gold_blue_jlens,vendor/jacobian-lens/data/evaluations/lens-eval-multihop.json,jlens_sanity_mars-color,Fact: The color of the planet fourth from the Sun is ,Qwen/Qwen3.6-27B,6a9e13bd6fc8f0983b9b99948120bc37f49c13e9,Qwen/Qwen3.6-27B,6a9e13bd6fc8f0983b9b99948120bc37f49c13e9,neuronpedia/jacobian-lens,91271eb5b15a43eebed7bb447618738754f1379a,qwen3.6-27b/jlens/Salesforce-wikitext/Qwen3.6-27B_jacobian_lens_n1000.pt,581d398613e5602a5af361e1c34d3a92ea82ba8e,bfloat16,flash_attention_2,7,jlens,5,12,Mars,20403, Mars,-0.16796875,188192,"[{'token_id': 69906, 'token': ' \u200b\u200b', 'logit': 9.3125}, {'token_id': 68314, 'token': ' maths', 'logit': 9.3125}, {'token_id': 101074, 'token': '典礼', 'logit': 9.25}, {'token_id': 49658, 'token': 'avourite', 'logit': 9.125}, {'token_id': 89384, 'token': ' Maths', 'logit': 8.6875}, {'token_id': 239466, 'token': ' **€', 'logit': 8.3125}, {'token_id': 58929, 'token': '.nz', 'logit': 8.1875}, {'token_id': 84954, 'token': '.gt', 'logit': 7.96875}, {'token_id': 26663, 'token': 'ropa', 'logit': 7.875}, {'token_id': 61779, 'token': 'ogh', 'logit': 7.84375}]"
1,2026-09-03T06:24:37.671633+00:00,run_20260903T045230Z_qwen36_gold_blue_jlens,vendor/jacobian-lens/data/evaluations/lens-eval-multihop.json,jlens_sanity_mars-color,Fact: The color of the planet fourth from the Sun is ,Qwen/Qwen3.6-27B,6a9e13bd6fc8f0983b9b99948120bc37f49c13e9,Qwen/Qwen3.6-27B,6a9e13bd6fc8f0983b9b99948120bc37f49c13e9,neuronpedia/jacobian-lens,91271eb5b15a43eebed7bb447618738754f1379a,qwen3.6-27b/jlens/Salesforce-wikitext/Qwen3.6-27B_jacobian_lens_n1000.pt,581d398613e5602a5af361e1c34d3a92ea82ba8e,bfloat16,flash_attention_2,7,logit_lens,6,12,Mars,20403, Mars,-0.10595703125,4656,"[{'token_id': 220, 'token': ' ', 'logit': 6.3125}, {'token_id': 1076, 'token': '...', 'logit': 5.625}, {'token_id': 11, 'token': ',', 'logit': 5.5625}, {'token_id': 13, 'token': '.', 'logit': 5.34375}, {'token_id': 25, 'token': ':', 'logit': 4.90625}, {'token_id': 198, 'token': '\n', 'logit': 4.84375}, {'token_id': 318, 'token': ' (', 'logit': 4.84375}, {'token_id': 0, 'token': '!', 'logit': 4.625}, {'token_id': 264, 'token': ' a', 'logit': 4.59375}, {'token_id': 12, 'token': '-', 'logit': 4.59375}]"
1,2026-09-03T06:24:37.687855+00:00,run_20260903T045230Z_qwen36_gold_blue_jlens,vendor/jacobian-lens/data/evaluations/lens-eval-multihop.json,jlens_sanity_mars-color,Fact: The color of the planet fourth from the Sun is ,Qwen/Qwen3.6-27B,6a9e13bd6fc8f0983b9b99948120bc37f49c13e9,Qwen/Qwen3.6-27B,6a9e13bd6fc8f0983b9b99948120bc37f49c13e9,neuronpedia/jacobian-lens,91271eb5b15a43eebed7bb447618738754f1379a,qwen3.6-27b/jlens/Salesforce-wikitext/Qwen3.6-27B_jacobian_lens_n1000.pt,581d398613e5602a5af361e1c34d3a92ea82ba8e,bfloat16,flash_attention_2,7,jlens,6,12,Mars,20403, Mars,1.1328125,50152,"[{'token_id': 189506, 'token': ' **.**', 'logit': 10.5625}, {'token_id': 31780, 'token': ' !!!', 'logit': 10.5}, {'token_id': 184929, 'token': ' **「', 'logit': 10.375}, {'token_id': 230802, 'token': ' !!!!', 'logit': 10.3125}, {'token_id': 187113, 'token': ' **#', 'logit': 10.0}, {'token_id': 2972, 'token': ' **', 'logit': 10.0}, {'token_id': 10992, 'token': '？', 'logit': 9.6875}, {'token_id': 178380, 'token': ' **¿', 'logit': 9.625}, {'token_id': 226084, 'token': ' **【', 'logit': 9.625}, {'token_id': 93521, 'token': '´t', 'logit': 9.625}]"
1,2026-09-03T06:24:37.691114+00:00,run_20260903T045230Z_qwen36_gold_blue_jlens,vendor/jacobian-lens/data/evaluations/lens-eval-multihop.json,jlens_sanity_mars-color,Fact: The color of the planet fourth from the Sun is ,Qwen/Qwen3.6-27B,6a9e13bd6fc8f0983b9b99948120bc37f49c13e9,Qwen/Qwen3.6-27B,6a9e13bd6fc8f0983b9b99948120bc37f49c13e9,neuronpedia/jacobian-lens,91271eb5b15a43eebed7bb447618738754f1379a,qwen3.6-27b/jlens/Salesforce-wikitext/Qwen3.6-27B_jacobian_lens_n1000.pt,581d398613e5602a5af361e1c34d3a92ea82ba8e,bfloat16,flash_attention_2,7,logit_lens,7,12,Mars,20403, Mars,0.271484375,2706,"[{'token_id': 220, 'token': ' ', 'logit': 5.9375}, {'token_id': 11, 'token': ',', 'logit': 5.375}, {'token_id': 1076, 'token': '...', 'logit': 5.34375}, {'token_id': 13, 'token': '.', 'logit': 5.15625}, {'token_id': 198, 'token': '\n', 'logit': 4.8125}, {'token_id': 25, 'token': ':', 'logit': 4.75}, {'token_id': 318, 'token': ' (', 'logit': 4.5}, {'token_id': 3966, 'token': '\xa0', 'logit': 4.4375}, {'token_id': 12, 'token': '-', 'logit': 4.4375}, {'token_id': 264, 'token': ' a', 'logit': 4.40625}]"
1,2026-09-03T06:24:37.705640+00:00,run_20260903T045230Z_qwen36_gold_blue_jlens,vendor/jacobian-lens/data/evaluations/lens-eval-multihop.json,jlens_sanity_mars-color,Fact: The color of the planet fourth from the Sun is ,Qwen/Qwen3.6-27B,6a9e13bd6fc8f0983b9b99948120bc37f49c13e9,Qwen/Qwen3.6-27B,6a9e13bd6fc8f0983b9b99948120bc37f49c13e9,neuronpedia/jacobian-lens,91271eb5b15a43eebed7bb447618738754f1379a,qwen3.6-27b/jlens/Salesforce-wikitext/Qwen3.6-27B_jacobian_lens_n1000.pt,581d398613e5602a5af361e1c34d3a92ea82ba8e,bfloat16,flash_attention_2,7,jlens,7,12,Mars,20403, Mars,1.4453125,98324,"[{'token_id': 184929, 'token': ' **「', 'logit': 11.375}, {'token_id': 184997, 'token': ' **:', 'logit': 11.25}, {'token_id': 239466, 'token': ' **€', 'logit': 11.0625}, {'token_id': 189506, 'token': ' **.**', 'logit': 11.0}, {'token_id': 187113, 'token': ' **#', 'logit': 10.4375}, {'token_id': 178380, 'token': ' **¿', 'logit': 10.125}, {'token_id': 176033, 'token': ' **«', 'logit': 10.0625}, {'token_id': 101074, 'token': '典礼', 'logit': 9.9375}, {'token_id': 69731, 'token': ' pornstar', 'logit': 9.875}, {'token_id': 230802, 'token': ' !!!!', 'logit': 9.6875}]"
1,2026-09-03T06:24:37.709702+00:00,run_20260903T045230Z_qwen36_gold_blue_jlens,vendor/jacobian-lens/data/evaluations/lens-eval-multihop.json,jlens_sanity_mars-color,Fact: The color of the planet fourth from the Sun is ,Qwen/Qwen3.6-27B,6a9e13bd6fc8f0983b9b99948120bc37f49c13e9,Qwen/Qwen3.6-27B,6a9e13bd6fc8f0983b9b99948120bc37f49c13e9,neuronpedia/jacobian-lens,91271eb5b15a43eebed7bb447618738754f1379a,qwen3.6-27b/jlens/Salesforce-wikitext/Qwen3.6-27B_jacobian_lens_n1000.pt,581d398613e5602a5af361e1c34d3a92ea82ba8e,bfloat16,flash_attention_2,7,logit_lens,8,12,Mars,20403, Mars,0.447265625,2117,"[{'token_id': 220, 'token': ' ', 'logit': 6.03125}, {'token_id': 1076, 'token': '...', 'logit': 5.3125}, {'token_id': 11, 'token': ',', 'logit': 5.28125}, {'token_id': 13, 'token': '.', 'logit': 5.09375}, {'token_id': 198, 'token': '\n', 'logit': 4.875}, {'token_id': 25, 'token': ':', 'logit': 4.59375}, {'token_id': 318, 'token': ' (', 'logit': 4.40625}, {'token_id': 12, 'token': '-', 'logit': 4.375}, {'token_id': 0, 'token': '!', 'logit': 4.21875}, {'token_id': 264, 'token': ' a', 'logit': 4.15625}]"
1,2026-09-03T06:24:37.777438+00:00,run_20260903T045230Z_qwen36_gold_blue_jlens,vendor/jacobian-lens/data/evaluations/lens-eval-multihop.json,jlens_sanity_mars-color,Fact: The color of the planet fourth from the Sun is ,Qwen/Qwen3.6-27B,6a9e13bd6fc8f0983b9b99948120bc37f49c13e9,Qwen/Qwen3.6-27B,6a9e13bd6fc8f0983b9b99948120bc37f49c13e9,neuronpedia/jacobian-lens,91271eb5b15a43eebed7bb447618738754f1379a,qwen3.6-27b/jlens/Salesforce-wikitext/Qwen3.6-27B_jacobian_lens_n1000.pt,581d398613e5602a5af361e1c34d3a92ea82ba8e,bfloat16,flash_attention_2,7,jlens,8,12,Mars,20403, Mars,3.015625,30094,"[{'token_id': 189506, 'token': ' **.**', 'logit': 10.375}, {'token_id': 101074, 'token': '典礼', 'logit': 10.1875}, {'token_id': 239466, 'token': ' **€', 'logit': 9.875}, {'token_id': 184929, 'token': ' **「', 'logit': 9.75}, {'token_id': 29523, 'token': 'VERY', 'logit': 9.6875}, {'token_id': 178380, 'token': ' **¿', 'logit': 9.625}, {'token_id': 166747, 'token': 'صيد', 'logit': 9.4375}, {'token_id': 60940, 'token': 'ilee', 'logit': 9.3125}, {'token_id': 84578, 'token': ' canadian', 'logit': 9.125}, {'token_id': 3898, 'token': 'ilename', 'logit': 8.9375}]"
1,2026-09-03T06:24:37.781423+00:00,run_20260903T045230Z_qwen36_gold_blue_jlens,vendor/jacobian-lens/data/evaluations/lens-eval-multihop.json,jlens_sanity_mars-color,Fact: The color of the planet fourth from the Sun is ,Qwen/Qwen3.6-27B,6a9e13bd6fc8f0983b9b99948120bc37f49c13e9,Qwen/Qwen3.6-27B,6a9e13bd6fc8f0983b9b99948120bc37f49c13e9,neuronpedia/jacobian-lens,91271eb5b15a43eebed7bb447618738754f1379a,qwen3.6-27b/jlens/Salesforce-wikitext/Qwen3.6-27B_jacobian_lens_n1000.pt,581d398613e5602a5af361e1c34d3a92ea82ba8e,bfloat16,flash_attention_2,7,logit_lens,9,12,Mars,20403, Mars,0.54296875,1854,"[{'token_id': 220, 'token': ' ', 'logit': 6.0625}, {'token_id': 1076, 'token': '...', 'logit': 5.375}, {'token_id': 11, 'token': ',', 'logit': 5.3125}, {'token_id': 13, 'token': '.', 'logit': 5.25}, {'token_id': 25, 'token': ':', 'logit': 4.65625}, {'token_id': 198, 'token': '\n', 'logit': 4.625}, {'token_id': 12, 'token': '-', 'logit': 4.59375}, {'token_id': 318, 'token': ' (', 'logit': 4.375}, {'token_id': 7, 'token': '(', 'logit': 4.3125}, {'token_id': 0, 'token': '!', 'logit': 4.21875}]"
1,2026-09-03T06:24:37.799274+00:00,run_20260903T045230Z_qwen36_gold_blue_jlens,vendor/jacobian-lens/data/evaluations/lens-eval-multihop.json,jlens_sanity_mars-color,Fact: The color of the planet fourth from the Sun is ,Qwen/Qwen3.6-27B,6a9e13bd6fc8f0983b9b99948120bc37f49c13e9,Qwen/Qwen3.6-27B,6a9e13bd6fc8f0983b9b99948120bc37f49c13e9,neuronpedia/jacobian-lens,91271eb5b15a43eebed7bb447618738754f1379a,qwen3.6-27b/jlens/Salesforce-wikitext/Qwen3.6-27B_jacobian_lens_n1000.pt,581d398613e5602a5af361e1c34d3a92ea82ba8e,bfloat16,flash_attention_2,7,jlens,9,12,Mars,20403, Mars,1.109375,149298,"[{'token_id': 101074, 'token': '典礼', 'logit': 9.875}, {'token_id': 49658, 'token': 'avourite', 'logit': 9.75}, {'token_id': 17081, 'token': ' lucky', 'logit': 9.625}, {'token_id': 138183, 'token': '幸福快乐', 'logit': 9.4375}, {'token_id': 29523, 'token': 'VERY', 'logit': 9.4375}, {'token_id': 87668, 'token': '.nr', 'logit': 9.1875}, {'token_id': 226355, 'token': 'utang', 'logit': 9.0}, {'token_id': 109294, 'token': '非常的', 'logit': 8.75}, {'token_id': 3898, 'token': 'ilename', 'logit': 8.6875}, {'token_id': 151352, 'token': '득', 'logit': 8.625}]"
1,2026-09-03T06:24:37.802466+00:00,run_20260903T045230Z_qwen36_gold_blue_jlens,vendor/jacobian-lens/data/evaluations/lens-eval-multihop.json,jlens_sanity_mars-color,Fact: The color of the planet fourth from the Sun is ,Qwen/Qwen3.6-27B,6a9e13bd6fc8f0983b9b99948120bc37f49c13e9,Qwen/Qwen3.6-27B,6a9e13bd6fc8f0983b9b99948120bc37f49c13e9,neuronpedia/jacobian-lens,91271eb5b15a43eebed7bb447618738754f1379a,qwen3.6-27b/jlens/Salesforce-wikitext/Qwen3.6-27B_jacobian_lens_n1000.pt,581d398613e5602a5af361e1c34d3a92ea82ba8e,bfloat16,flash_attention_2,7,logit_lens,10,12,Mars,20403, Mars,0.66796875,1647,"[{'token_id': 220, 'token': ' ', 'logit': 6.21875}, {'token_id': 1076, 'token': '...', 'logit': 6.09375}, {'token_id': 13, 'token': '.', 'logit': 5.1875}, {'token_id': 11, 'token': ',', 'logit': 5.15625}, {'token_id': 25, 'token': ':', 'logit': 5.125}, {'token_id': 198, 'token': '\n', 'logit': 4.65625}, {'token_id': 318, 'token': ' (', 'logit': 4.625}, {'token_id': 12, 'token': '-', 'logit': 4.59375}, {'token_id': 7, 'token': '(', 'logit': 4.46875}, {'token_id': 0, 'token': '!', 'logit': 4.375}]"
1,2026-09-03T06:24:37.873084+00:00,run_20260903T045230Z_qwen36_gold_blue_jlens,vendor/jacobian-lens/data/evaluations/lens-eval-multihop.json,jlens_sanity_mars-color,Fact: The color of the planet fourth from the Sun is ,Qwen/Qwen3.6-27B,6a9e13bd6fc8f0983b9b99948120bc37f49c13e9,Qwen/Qwen3.6-27B,6a9e13bd6fc8f0983b9b99948120bc37f49c13e9,neuronpedia/jacobian-lens,91271eb5b15a43eebed7bb447618738754f1379a,qwen3.6-27b/jlens/Salesforce-wikitext/Qwen3.6-27B_jacobian_lens_n1000.pt,581d398613e5602a5af361e1c34d3a92ea82ba8e,bfloat16,flash_attention_2,7,jlens,10,12,Mars,20403, Mars,2.21875,35696,"[{'token_id': 93521, 'token': '´t', 'logit': 11.4375}, {'token_id': 215050, 'token': ' ´', 'logit': 11.375}, {'token_id': 17081, 'token': ' lucky', 'logit': 9.9375}, {'token_id': 7018, 'token': ' \\""', 'logit': 9.6875}, {'token_id': 53516, 'token': '´s', 'logit': 9.6875}, {'token_id': 13, 'token': '.', 'logit': 9.0625}, {'token_id': 7640, 'token': '-color', 'logit': 9.0625}, {'token_id': 56899, 'token': ' loser', 'logit': 8.6875}, {'token_id': 11674, 'token': '\\r', 'logit': 8.1875}, {'token_id': 26663, 'token': 'ropa', 'logit': 8.0}]"
1,2026-09-03T06:24:37.962441+00:00,run_20260903T045230Z_qwen36_gold_blue_jlens,vendor/jacobian-lens/data/evaluations/lens-eval-multihop.json,jlens_sanity_mars-color,Fact: The color of the planet fourth from the Sun is ,Qwen/Qwen3.6-27B,6a9e13bd6fc8f0983b9b99948120bc37f49c13e9,Qwen/Qwen3.6-27B,6a9e13bd6fc8f0983b9b99948120bc37f49c13e9,neuronpedia/jacobian-lens,91271eb5b15a43eebed7bb447618738754f1379a,qwen3.6-27b/jlens/Salesforce-wikitext/Qwen3.6-27B_jacobian_lens_n1000.pt,581d398613e5602a5af361e1c34d3a92ea82ba8e,bfloat16,flash_attention_2,7,logit_lens,11,12,Mars,20403, Mars,0.47265625,2124,"[{'token_id': 220, 'token': ' ', 'logit': 6.28125}, {'token_id': 1076, 'token': '...', 'logit': 5.53125}, {'token_id': 13, 'token': '.', 'logit': 5.28125}, {'token_id': 11, 'token': ',', 'logit': 5.21875}, {'token_id': 25, 'token': ':', 'logit': 4.96875}, {'token_id': 198, 'token': '\n', 'logit': 4.6875}, {'token_id': 318, 'token': ' (', 'logit': 4.6875}, {'token_id': 264, 'token': ' a', 'logit': 4.375}, {'token_id': 12, 'token': '-', 'logit': 4.34375}, {'token_id': 7, 'token': '(', 'logit': 4.25}]"
1,2026-09-03T06:24:37.978119+00:00,run_20260903T045230Z_qwen36_gold_blue_jlens,vendor/jacobian-lens/data/evaluations/lens-eval-multihop.json,jlens_sanity_mars-color,Fact: The color of the planet fourth from the Sun is ,Qwen/Qwen3.6-27B,6a9e13bd6fc8f0983b9b99948120bc37f49c13e9,Qwen/Qwen3.6-27B,6a9e13bd6fc8f0983b9b99948120bc37f49c13e9,neuronpedia/jacobian-lens,91271eb5b15a43eebed7bb447618738754f1379a,qwen3.6-27b/jlens/Salesforce-wikitext/Qwen3.6-27B_jacobian_lens_n1000.pt,581d398613e5602a5af361e1c34d3a92ea82ba8e,bfloat16,flash_attention_2,7,jlens,11,12,Mars,20403, Mars,2.125,62879,"[{'token_id': 93521, 'token': '´t', 'logit': 9.0}, {'token_id': 54983, 'token': 'odiac', 'logit': 9.0}, {'token_id': 184929, 'token': ' **「', 'logit': 8.8125}, {'token_id': 17081, 'token': ' lucky', 'logit': 8.6875}, {'token_id': 69731, 'token': ' pornstar', 'logit': 8.5625}, {'token_id': 84047, 'token': 'iedo', 'logit': 8.3125}, {'token_id': 138183, 'token': '幸福快乐', 'logit': 8.125}, {'token_id': 176033, 'token': ' **«', 'logit': 8.125}, {'token_id': 87668, 'token': '.nr', 'logit': 8.125}, {'token_id': 69691, 'token': 'urette', 'logit': 7.96875}]"
1,2026-09-03T06:24:37.981193+00:00,run_20260903T045230Z_qwen36_gold_blue_jlens,vendor/jacobian-lens/data/evaluations/lens-eval-multihop.json,jlens_sanity_mars-color,Fact: The color of the planet fourth from the Sun is ,Qwen/Qwen3.6-27B,6a9e13bd6fc8f0983b9b99948120bc37f49c13e9,Qwen/Qwen3.6-27B,6a9e13bd6fc8f0983b9b99948120bc37f49c13e9,neuronpedia/jacobian-lens,91271eb5b15a43eebed7bb447618738754f1379a,qwen3.6-27b/jlens/Salesforce-wikitext/Qwen3.6-27B_jacobian_lens_n1000.pt,581d398613e5602a5af361e1c34d3a92ea82ba8e,bfloat16,flash_attention_2,7,logit_lens,12,12,Mars,20403, Mars,-0.40234375,9204,"[{'token_id': 220, 'token': ' ', 'logit': 6.3125}, {'token_id': 13, 'token': '.', 'logit': 5.21875}, {'token_id': 1076, 'token': '...', 'logit': 5.09375}, {'token_id': 11, 'token': ',', 'logit': 5.0625}, {'token_id': 25, 'token': ':', 'logit': 5.0}, {'token_id': 318, 'token': ' (', 'logit': 4.75}, {'token_id': 198, 'token': '\n', 'logit': 4.625}, {'token_id': 264, 'token': ' a', 'logit': 4.4375}, {'token_id': 0, 'token': '!', 'logit': 4.25}, {'token_id': 12, 'token': '-', 'logit': 4.21875}]"
1,2026-09-03T06:24:37.996213+00:00,run_20260903T045230Z_qwen36_gold_blue_jlens,vendor/jacobian-lens/data/evaluations/lens-eval-multihop.json,jlens_sanity_mars-color,Fact: The color of the planet fourth from the Sun is ,Qwen/Qwen3.6-27B,6a9e13bd6fc8f0983b9b99948120bc37f49c13e9,Qwen/Qwen3.6-27B,6a9e13bd6fc8f0983b9b99948120bc37f49c13e9,neuronpedia/jacobian-lens,91271eb5b15a43eebed7bb447618738754f1379a,qwen3.6-27b/jlens/Salesforce-wikitext/Qwen3.6-27B_jacobian_lens_n1000.pt,581d398613e5602a5af361e1c34d3a92ea82ba8e,bfloat16,flash_attention_2,7,jlens,12,12,Mars,20403, Mars,0.890625,125121,"[{'token_id': 93521, 'token': '´t', 'logit': 8.5}, {'token_id': 54983, 'token': 'odiac', 'logit': 8.5}, {'token_id': 184929, 'token': ' **「', 'logit': 8.375}, {'token_id': 17081, 'token': ' lucky', 'logit': 8.1875}, {'token_id': 69731, 'token': ' pornstar', 'logit': 8.1875}, {'token_id': 84047, 'token': 'iedo', 'logit': 8.1875}, {'token_id': 57295, 'token': ' veggies', 'logit': 7.90625}, {'token_id': 60940, 'token': 'ilee', 'logit': 7.6875}, {'token_id': 15832, 'token': 'uno', 'logit': 7.5}, {'token_id': 244190, 'token': ' Comida', 'logit': 7.46875}]"
1,2026-09-03T06:24:38.060869+00:00,run_20260903T045230Z_qwen36_gold_blue_jlens,vendor/jacobian-lens/data/evaluations/lens-eval-multihop.json,jlens_sanity_mars-color,Fact: The color of the planet fourth from the Sun is ,Qwen/Qwen3.6-27B,6a9e13bd6fc8f0983b9b99948120bc37f49c13e9,Qwen/Qwen3.6-27B,6a9e13bd6fc8f0983b9b99948120bc37f49c13e9,neuronpedia/jacobian-lens,91271eb5b15a43eebed7bb447618738754f1379a,qwen3.6-27b/jlens/Salesforce-wikitext/Qwen3.6-27B_jacobian_lens_n1000.pt,581d398613e5602a5af361e1c34d3a92ea82ba8e,bfloat16,flash_attention_2,7,logit_lens,13,12,Mars,20403, Mars,-0.255859375,8951,"[{'token_id': 220, 'token': ' ', 'logit': 5.6875}, {'token_id': 13, 'token': '.', 'logit': 5.28125}, {'token_id': 1076, 'token': '...', 'logit': 5.25}, {'token_id': 11, 'token': ',', 'logit': 4.8125}, {'token_id': 25, 'token': ':', 'logit': 4.6875}, {'token_id': 264, 'token': ' a', 'logit': 4.5625}, {'token_id': 318, 'token': ' (', 'logit': 4.5}, {'token_id': 198, 'token': '\n', 'logit': 4.28125}, {'token_id': 0, 'token': '!', 'logit': 4.28125}, {'token_id': 328, 'token': ' ""', 'logit': 4.25}]"
1,2026-09-03T06:24:38.075473+00:00,run_20260903T045230Z_qwen36_gold_blue_jlens,vendor/jacobian-lens/data/evaluations/lens-eval-multihop.json,jlens_sanity_mars-color,Fact: The color of the planet fourth from the Sun is ,Qwen/Qwen3.6-27B,6a9e13bd6fc8f0983b9b99948120bc37f49c13e9,Qwen/Qwen3.6-27B,6a9e13bd6fc8f0983b9b99948120bc37f49c13e9,neuronpedia/jacobian-lens,91271eb5b15a43eebed7bb447618738754f1379a,qwen3.6-27b/jlens/Salesforce-wikitext/Qwen3.6-27B_jacobian_lens_n1000.pt,581d398613e5602a5af361e1c34d3a92ea82ba8e,bfloat16,flash_attention_2,7,jlens,13,12,Mars,20403, Mars,1.4140625,80979,"[{'token_id': 93521, 'token': '´t', 'logit': 9.75}, {'token_id': 17081, 'token': ' lucky', 'logit': 9.5625}, {'token_id': 215050, 'token': ' ´', 'logit': 8.8125}, {'token_id': 57295, 'token': ' veggies', 'logit': 8.125}, {'token_id': 84578, 'token': ' canadian', 'logit': 8.0625}, {'token_id': 3246, 'token': "" ''"", 'logit': 7.875}, {'token_id': 244190, 'token': ' Comida', 'logit': 7.84375}, {'token_id': 13856, 'token': ' crazy', 'logit': 7.78125}, {'token_id': 8276, 'token': ' biggest', 'logit': 7.78125}, {'token_id': 39832, 'token': ' french', 'logit': 7.75}]"
1,2026-09-03T06:24:38.162521+00:00,run_20260903T045230Z_qwen36_gold_blue_jlens,vendor/jacobian-lens/data/evaluations/lens-eval-multihop.json,jlens_sanity_mars-color,Fact: The color of the planet fourth from the Sun is ,Qwen/Qwen3.6-27B,6a9e13bd6fc8f0983b9b99948120bc37f49c13e9,Qwen/Qwen3.6-27B,6a9e13bd6fc8f0983b9b99948120bc37f49c13e9,neuronpedia/jacobian-lens,91271eb5b15a43eebed7bb447618738754f1379a,qwen3.6-27b/jlens/Salesforce-wikitext/Qwen3.6-27B_jacobian_lens_n1000.pt,581d398613e5602a5af361e1c34d3a92ea82ba8e,bfloat16,flash_attention_2,7,logit_lens,14,12,Mars,20403, Mars,-0.69921875,19786,"[{'token_id': 220, 'token': ' ', 'logit': 5.1875}, {'token_id': 1076, 'token': '...', 'logit': 5.0625}, {'token_id': 13, 'token': '.', 'logit': 4.71875}, {'token_id': 326, 'token': ' S', 'logit': 4.4375}, {'token_id': 318, 'token': ' (', 'logit': 4.375}, {'token_id': 50, 'token': 'S', 'logit': 4.375}, {'token_id': 264, 'token': ' a', 'logit': 4.28125}, {'token_id': 11, 'token': ',', 'logit': 4.28125}, {'token_id': 25, 'token': ':', 'logit': 4.21875}, {'token_id': 198, 'token': '\n', 'logit': 4.15625}]"
1,2026-09-03T06:24:38.177365+00:00,run_20260903T045230Z_qwen36_gold_blue_jlens,vendor/jacobian-lens/data/evaluations/lens-eval-multihop.json,jlens_sanity_mars-color,Fact: The color of the planet fourth from the Sun is ,Qwen/Qwen3.6-27B,6a9e13bd6fc8f0983b9b99948120bc37f49c13e9,Qwen/Qwen3.6-27B,6a9e13bd6fc8f0983b9b99948120bc37f49c13e9,neuronpedia/jacobian-lens,91271eb5b15a43eebed7bb447618738754f1379a,qwen3.6-27b/jlens/Salesforce-wikitext/Qwen3.6-27B_jacobian_lens_n1000.pt,581d398613e5602a5af361e1c34d3a92ea82ba8e,bfloat16,flash_attention_2,7,jlens,14,12,Mars,20403, Mars,1.0,69261,"[{'token_id': 17081, 'token': ' lucky', 'logit': 10.4375}, {'token_id': 215050, 'token': ' ´', 'logit': 9.625}, {'token_id': 8276, 'token': ' biggest', 'logit': 9.25}, {'token_id': 6623, 'token': ' kids', 'logit': 9.0}, {'token_id': 54349, 'token': ' alot', 'logit': 8.8125}, {'token_id': 10917, 'token': ' bigger', 'logit': 8.8125}, {'token_id': 27535, 'token': ' scary', 'logit': 8.75}, {'token_id': 38777, 'token': ' whats', 'logit': 8.4375}, {'token_id': 4859, 'token': ' pretty', 'logit': 8.4375}, {'token_id': 13856, 'token': ' crazy', 'logit': 8.4375}]"
1,2026-09-03T06:24:38.262787+00:00,run_20260903T045230Z_qwen36_gold_blue_jlens,vendor/jacobian-lens/data/evaluations/lens-eval-multihop.json,jlens_sanity_mars-color,Fact: The color of the planet fourth from the Sun is ,Qwen/Qwen3.6-27B,6a9e13bd6fc8f0983b9b99948120bc37f49c13e9,Qwen/Qwen3.6-27B,6a9e13bd6fc8f0983b9b99948120bc37f49c13e9,neuronpedia/jacobian-lens,91271eb5b15a43eebed7bb447618738754f1379a,qwen3.6-27b/jlens/Salesforce-wikitext/Qwen3.6-27B_jacobian_lens_n1000.pt,581d398613e5602a5af361e1c34d3a92ea82ba8e,bfloat16,flash_attention_2,7,logit_lens,15,12,Mars,20403, Mars,-0.671875,19602,"[{'token_id': 1076, 'token': '...', 'logit': 5.28125}, {'token_id': 13, 'token': '.', 'logit': 4.8125}, {'token_id': 220, 'token': ' ', 'logit': 4.8125}, {'token_id': 50, 'token': 'S', 'logit': 4.46875}, {'token_id': 318, 'token': ' (', 'logit': 4.4375}, {'token_id': 11, 'token': ',', 'logit': 4.3125}, {'token_id': 326, 'token': ' S', 'logit': 4.25}, {'token_id': 198, 'token': '\n', 'logit': 4.09375}, {'token_id': 264, 'token': ' a', 'logit': 4.09375}, {'token_id': 14, 'token': '/', 'logit': 4.0625}]"
1,2026-09-03T06:24:38.278279+00:00,run_20260903T045230Z_qwen36_gold_blue_jlens,vendor/jacobian-lens/data/evaluations/lens-eval-multihop.json,jlens_sanity_mars-color,Fact: The color of the planet fourth from the Sun is ,Qwen/Qwen3.6-27B,6a9e13bd6fc8f0983b9b99948120bc37f49c13e9,Qwen/Qwen3.6-27B,6a9e13bd6fc8f0983b9b99948120bc37f49c13e9,neuronpedia/jacobian-lens,91271eb5b15a43eebed7bb447618738754f1379a,qwen3.6-27b/jlens/Salesforce-wikitext/Qwen3.6-27B_jacobian_lens_n1000.pt,581d398613e5602a5af361e1c34d3a92ea82ba8e,bfloat16,flash_attention_2,7,jlens,15,12,Mars,20403, Mars,-0.2041015625,172228,"[{'token_id': 54349, 'token': ' alot', 'logit': 11.5625}, {'token_id': 6623, 'token': ' kids', 'logit': 11.3125}, {'token_id': 27535, 'token': ' scary', 'logit': 10.5625}, {'token_id': 17081, 'token': ' lucky', 'logit': 10.5}, {'token_id': 38777, 'token': ' whats', 'logit': 10.5}, {'token_id': 8276, 'token': ' biggest', 'logit': 10.5}, {'token_id': 80990, 'token': ' seperate', 'logit': 10.4375}, {'token_id': 57295, 'token': ' veggies', 'logit': 10.125}, {'token_id': 46089, 'token': ' skinny', 'logit': 10.0}, {'token_id': 7648, 'token': ' amazing', 'logit': 9.875}]"
1,2026-09-03T06:24:38.364784+00:00,run_20260903T045230Z_qwen36_gold_blue_jlens,vendor/jacobian-lens/data/evaluations/lens-eval-multihop.json,jlens_sanity_mars-color,Fact: The color of the planet fourth from the Sun is ,Qwen/Qwen3.6-27B,6a9e13bd6fc8f0983b9b99948120bc37f49c13e9,Qwen/Qwen3.6-27B,6a9e13bd6fc8f0983b9b99948120bc37f49c13e9,neuronpedia/jacobian-lens,91271eb5b15a43eebed7bb447618738754f1379a,qwen3.6-27b/jlens/Salesforce-wikitext/Qwen3.6-27B_jacobian_lens_n1000.pt,581d398613e5602a5af361e1c34d3a92ea82ba8e,bfloat16,flash_attention_2,7,logit_lens,16,12,Mars,20403, Mars,-0.49609375,14399,"[{'token_id': 1076, 'token': '...', 'logit': 5.625}, {'token_id': 220, 'token': ' ', 'logit': 5.21875}, {'token_id': 13, 'token': '.', 'logit': 5.0}, {'token_id': 50, 'token': 'S', 'logit': 4.625}, {'token_id': 318, 'token': ' (', 'logit': 4.4375}, {'token_id': 11, 'token': ',', 'logit': 4.40625}, {'token_id': 326, 'token': ' S', 'logit': 4.34375}, {'token_id': 30, 'token': '?', 'logit': 4.21875}, {'token_id': 1873, 'token': '…', 'logit': 4.1875}, {'token_id': 264, 'token': ' a', 'logit': 4.125}]"
1,2026-09-03T06:24:38.381905+00:00,run_20260903T045230Z_qwen36_gold_blue_jlens,vendor/jacobian-lens/data/evaluations/lens-eval-multihop.json,jlens_sanity_mars-color,Fact: The color of the planet fourth from the Sun is ,Qwen/Qwen3.6-27B,6a9e13bd6fc8f0983b9b99948120bc37f49c13e9,Qwen/Qwen3.6-27B,6a9e13bd6fc8f0983b9b99948120bc37f49c13e9,neuronpedia/jacobian-lens,91271eb5b15a43eebed7bb447618738754f1379a,qwen3.6-27b/jlens/Salesforce-wikitext/Qwen3.6-27B_jacobian_lens_n1000.pt,581d398613e5602a5af361e1c34d3a92ea82ba8e,bfloat16,flash_attention_2,7,jlens,16,12,Mars,20403, Mars,-1.265625,220573,"[{'token_id': 38777, 'token': ' whats', 'logit': 10.8125}, {'token_id': 8276, 'token': ' biggest', 'logit': 10.5625}, {'token_id': 10917, 'token': ' bigger', 'logit': 9.75}, {'token_id': 28018, 'token': ' english', 'logit': 9.6875}, {'token_id': 57295, 'token': ' veggies', 'logit': 9.625}, {'token_id': 16521, 'token': ' gotten', 'logit': 9.5625}, {'token_id': 54349, 'token': ' alot', 'logit': 9.5}, {'token_id': 17081, 'token': ' lucky', 'logit': 9.5}, {'token_id': 73225, 'token': ' poop', 'logit': 9.1875}, {'token_id': 27535, 'token': ' scary', 'logit': 9.125}]"
1,2026-09-03T06:24:38.386379+00:00,run_20260903T045230Z_qwen36_gold_blue_jlens,vendor/jacobian-lens/data/evaluations/lens-eval-multihop.json,jlens_sanity_mars-color,Fact: The color of the planet fourth from the Sun is ,Qwen/Qwen3.6-27B,6a9e13bd6fc8f0983b9b99948120bc37f49c13e9,Qwen/Qwen3.6-27B,6a9e13bd6fc8f0983b9b99948120bc37f49c13e9,neuronpedia/jacobian-lens,91271eb5b15a43eebed7bb447618738754f1379a,qwen3.6-27b/jlens/Salesforce-wikitext/Qwen3.6-27B_jacobian_lens_n1000.pt,581d398613e5602a5af361e1c34d3a92ea82ba8e,bfloat16,flash_attention_2,7,logit_lens,17,12,Mars,20403, Mars,-0.5078125,16159,"[{'token_id': 1076, 'token': '...', 'logit': 5.625}, {'token_id': 220, 'token': ' ', 'logit': 5.28125}, {'token_id': 13, 'token': '.', 'logit': 5.1875}, {'token_id': 12, 'token': '-', 'logit': 4.875}, {'token_id': 264, 'token': ' a', 'logit': 4.625}, {'token_id': 11, 'token': ',', 'logit': 4.625}, {'token_id': 326, 'token': ' S', 'logit': 4.59375}, {'token_id': 50, 'token': 'S', 'logit': 4.59375}, {'token_id': 14, 'token': '/', 'logit': 4.59375}, {'token_id': 318, 'token': ' (', 'logit': 4.46875}]"
1,2026-09-03T06:24:38.462339+00:00,run_20260903T045230Z_qwen36_gold_blue_jlens,vendor/jacobian-lens/data/evaluations/lens-eval-multihop.json,jlens_sanity_mars-color,Fact: The color of the planet fourth from the Sun is ,Qwen/Qwen3.6-27B,6a9e13bd6fc8f0983b9b99948120bc37f49c13e9,Qwen/Qwen3.6-27B,6a9e13bd6fc8f0983b9b99948120bc37f49c13e9,neuronpedia/jacobian-lens,91271eb5b15a43eebed7bb447618738754f1379a,qwen3.6-27b/jlens/Salesforce-wikitext/Qwen3.6-27B_jacobian_lens_n1000.pt,581d398613e5602a5af361e1c34d3a92ea82ba8e,bfloat16,flash_attention_2,7,jlens,17,12,Mars,20403, Mars,-1.1484375,222634,"[{'token_id': 100286, 'token': '啥', 'logit': 10.375}, {'token_id': 38777, 'token': ' whats', 'logit': 10.1875}, {'token_id': 8276, 'token': ' biggest', 'logit': 9.6875}, {'token_id': 28018, 'token': ' english', 'logit': 9.1875}, {'token_id': 57295, 'token': ' veggies', 'logit': 9.125}, {'token_id': 10917, 'token': ' bigger', 'logit': 8.875}, {'token_id': 16521, 'token': ' gotten', 'logit': 8.6875}, {'token_id': 54349, 'token': ' alot', 'logit': 8.5}, {'token_id': 71725, 'token': '-ok', 'logit': 8.4375}, {'token_id': 96407, 'token': '什么', 'logit': 8.3125}]"
1,2026-09-03T06:24:38.465342+00:00,run_20260903T045230Z_qwen36_gold_blue_jlens,vendor/jacobian-lens/data/evaluations/lens-eval-multihop.json,jlens_sanity_mars-color,Fact: The color of the planet fourth from the Sun is ,Qwen/Qwen3.6-27B,6a9e13bd6fc8f0983b9b99948120bc37f49c13e9,Qwen/Qwen3.6-27B,6a9e13bd6fc8f0983b9b99948120bc37f49c13e9,neuronpedia/jacobian-lens,91271eb5b15a43eebed7bb447618738754f1379a,qwen3.6-27b/jlens/Salesforce-wikitext/Qwen3.6-27B_jacobian_lens_n1000.pt,581d398613e5602a5af361e1c34d3a92ea82ba8e,bfloat16,flash_attention_2,7,logit_lens,18,12,Mars,20403, Mars,-0.2578125,15477,"[{'token_id': 220, 'token': ' ', 'logit': 5.59375}, {'token_id': 1076, 'token': '...', 'logit': 5.15625}, {'token_id': 264, 'token': ' a', 'logit': 5.09375}, {'token_id': 326, 'token': ' S', 'logit': 4.875}, {'token_id': 391, 'token': 'ly', 'logit': 4.875}, {'token_id': 13, 'token': '.', 'logit': 4.8125}, {'token_id': 50, 'token': 'S', 'logit': 4.6875}, {'token_id': 11, 'token': ',', 'logit': 4.46875}, {'token_id': 423, 'token': ' R', 'logit': 4.28125}, {'token_id': 380, 'token': ' M', 'logit': 4.28125}]"
1,2026-09-03T06:24:38.484272+00:00,run_20260903T045230Z_qwen36_gold_blue_jlens,vendor/jacobian-lens/data/evaluations/lens-eval-multihop.json,jlens_sanity_mars-color,Fact: The color of the planet fourth from the Sun is ,Qwen/Qwen3.6-27B,6a9e13bd6fc8f0983b9b99948120bc37f49c13e9,Qwen/Qwen3.6-27B,6a9e13bd6fc8f0983b9b99948120bc37f49c13e9,neuronpedia/jacobian-lens,91271eb5b15a43eebed7bb447618738754f1379a,qwen3.6-27b/jlens/Salesforce-wikitext/Qwen3.6-27B_jacobian_lens_n1000.pt,581d398613e5602a5af361e1c34d3a92ea82ba8e,bfloat16,flash_attention_2,7,jlens,18,12,Mars,20403, Mars,-1.65625,233504,"[{'token_id': 100286, 'token': '啥', 'logit': 10.125}, {'token_id': 38777, 'token': ' whats', 'logit': 9.875}, {'token_id': 96407, 'token': '什么', 'logit': 9.5}, {'token_id': 88804, 'token': ' milfs', 'logit': 9.1875}, {'token_id': 133873, 'token': '国歌', 'logit': 9.0625}, {'token_id': 93483, 'token': ' lowes', 'logit': 9.0}, {'token_id': 57295, 'token': ' veggies', 'logit': 9.0}, {'token_id': 189506, 'token': ' **.**', 'logit': 8.9375}, {'token_id': 91942, 'token': ' uranus', 'logit': 8.75}, {'token_id': 98425, 'token': '多少', 'logit': 8.375}]"
1,2026-09-03T06:24:38.562153+00:00,run_20260903T045230Z_qwen36_gold_blue_jlens,vendor/jacobian-lens/data/evaluations/lens-eval-multihop.json,jlens_sanity_mars-color,Fact: The color of the planet fourth from the Sun is ,Qwen/Qwen3.6-27B,6a9e13bd6fc8f0983b9b99948120bc37f49c13e9,Qwen/Qwen3.6-27B,6a9e13bd6fc8f0983b9b99948120bc37f49c13e9,neuronpedia/jacobian-lens,91271eb5b15a43eebed7bb447618738754f1379a,qwen3.6-27b/jlens/Salesforce-wikitext/Qwen3.6-27B_jacobian_lens_n1000.pt,581d398613e5602a5af361e1c34d3a92ea82ba8e,bfloat16,flash_attention_2,7,logit_lens,19,12,Mars,20403, Mars,0.38671875,7869,"[{'token_id': 391, 'token': 'ly', 'logit': 5.46875}, {'token_id': 220, 'token': ' ', 'logit': 5.28125}, {'token_id': 264, 'token': ' a', 'logit': 5.1875}, {'token_id': 1829, 'token': ' color', 'logit': 5.03125}, {'token_id': 96135, 'token': '色', 'logit': 4.875}, {'token_id': 427, 'token': ' r', 'logit': 4.78125}, {'token_id': 13, 'token': '.', 'logit': 4.78125}, {'token_id': 1076, 'token': '...', 'logit': 4.5}, {'token_id': 423, 'token': ' R', 'logit': 4.34375}, {'token_id': 462, 'token': ' H', 'logit': 4.21875}]"
1,2026-09-03T06:24:38.605210+00:00,run_20260903T045230Z_qwen36_gold_blue_jlens,vendor/jacobian-lens/data/evaluations/lens-eval-multihop.json,jlens_sanity_mars-color,Fact: The color of the planet fourth from the Sun is ,Qwen/Qwen3.6-27B,6a9e13bd6fc8f0983b9b99948120bc37f49c13e9,Qwen/Qwen3.6-27B,6a9e13bd6fc8f0983b9b99948120bc37f49c13e9,neuronpedia/jacobian-lens,91271eb5b15a43eebed7bb447618738754f1379a,qwen3.6-27b/jlens/Salesforce-wikitext/Qwen3.6-27B_jacobian_lens_n1000.pt,581d398613e5602a5af361e1c34d3a92ea82ba8e,bfloat16,flash_attention_2,7,jlens,19,12,Mars,20403, Mars,-2.25,238610,"[{'token_id': 100286, 'token': '啥', 'logit': 11.0625}, {'token_id': 96407, 'token': '什么', 'logit': 9.6875}, {'token_id': 98425, 'token': '多少', 'logit': 9.625}, {'token_id': 38777, 'token': ' whats', 'logit': 9.3125}, {'token_id': 7640, 'token': '-color', 'logit': 9.0625}, {'token_id': 27432, 'token': 'utc', 'logit': 8.875}, {'token_id': 10917, 'token': ' bigger', 'logit': 8.875}, {'token_id': 18132, 'token': '_%', 'logit': 8.8125}, {'token_id': 20391, 'token': 'colors', 'logit': 8.6875}, {'token_id': 40934, 'token': 'obody', 'logit': 8.5625}]"
1,2026-09-03T06:24:38.608657+00:00,run_20260903T045230Z_qwen36_gold_blue_jlens,vendor/jacobian-lens/data/evaluations/lens-eval-multihop.json,jlens_sanity_mars-color,Fact: The color of the planet fourth from the Sun is ,Qwen/Qwen3.6-27B,6a9e13bd6fc8f0983b9b99948120bc37f49c13e9,Qwen/Qwen3.6-27B,6a9e13bd6fc8f0983b9b99948120bc37f49c13e9,neuronpedia/jacobian-lens,91271eb5b15a43eebed7bb447618738754f1379a,qwen3.6-27b/jlens/Salesforce-wikitext/Qwen3.6-27B_jacobian_lens_n1000.pt,581d398613e5602a5af361e1c34d3a92ea82ba8e,bfloat16,flash_attention_2,7,logit_lens,20,12,Mars,20403, Mars,1.6875,1693,"[{'token_id': 264, 'token': ' a', 'logit': 5.6875}, {'token_id': 391, 'token': 'ly', 'logit': 5.34375}, {'token_id': 220, 'token': ' ', 'logit': 5.28125}, {'token_id': 96998, 'token': '亮', 'logit': 5.0625}, {'token_id': 292, 'token': ' b', 'logit': 4.8125}, {'token_id': 423, 'token': ' R', 'logit': 4.78125}, {'token_id': 2565, 'token': 'ately', 'logit': 4.5625}, {'token_id': 462, 'token': ' H', 'logit': 4.46875}, {'token_id': 95927, 'token': '�', 'logit': 4.4375}, {'token_id': 16855, 'token': 'etr', 'logit': 4.4375}]"
1,2026-09-03T06:24:38.650653+00:00,run_20260903T045230Z_qwen36_gold_blue_jlens,vendor/jacobian-lens/data/evaluations/lens-eval-multihop.json,jlens_sanity_mars-color,Fact: The color of the planet fourth from the Sun is ,Qwen/Qwen3.6-27B,6a9e13bd6fc8f0983b9b99948120bc37f49c13e9,Qwen/Qwen3.6-27B,6a9e13bd6fc8f0983b9b99948120bc37f49c13e9,neuronpedia/jacobian-lens,91271eb5b15a43eebed7bb447618738754f1379a,qwen3.6-27b/jlens/Salesforce-wikitext/Qwen3.6-27B_jacobian_lens_n1000.pt,581d398613e5602a5af361e1c34d3a92ea82ba8e,bfloat16,flash_attention_2,7,jlens,20,12,Mars,20403, Mars,-0.54296875,189463,"[{'token_id': 100286, 'token': '啥', 'logit': 11.4375}, {'token_id': 1137, 'token': ' --', 'logit': 11.4375}, {'token_id': 10917, 'token': ' bigger', 'logit': 10.0625}, {'token_id': 98425, 'token': '多少', 'logit': 10.0}, {'token_id': 15, 'token': '0', 'logit': 9.9375}, {'token_id': 984, 'token': ' %', 'logit': 9.6875}, {'token_id': 38777, 'token': ' whats', 'logit': 9.4375}, {'token_id': 653, 'token': ' #', 'logit': 9.3125}, {'token_id': 18132, 'token': '_%', 'logit': 9.125}, {'token_id': 24, 'token': '9', 'logit': 9.125}]"
1,2026-09-03T06:24:38.658918+00:00,run_20260903T045230Z_qwen36_gold_blue_jlens,vendor/jacobian-lens/data/evaluations/lens-eval-multihop.json,jlens_sanity_mars-color,Fact: The color of the planet fourth from the Sun is ,Qwen/Qwen3.6-27B,6a9e13bd6fc8f0983b9b99948120bc37f49c13e9,Qwen/Qwen3.6-27B,6a9e13bd6fc8f0983b9b99948120bc37f49c13e9,neuronpedia/jacobian-lens,91271eb5b15a43eebed7bb447618738754f1379a,qwen3.6-27b/jlens/Salesforce-wikitext/Qwen3.6-27B_jacobian_lens_n1000.pt,581d398613e5602a5af361e1c34d3a92ea82ba8e,bfloat16,flash_attention_2,7,logit_lens,21,12,Mars,20403, Mars,0.77734375,4990,"[{'token_id': 3966, 'token': '\xa0', 'logit': 5.65625}, {'token_id': 220, 'token': ' ', 'logit': 5.46875}, {'token_id': 14, 'token': '/', 'logit': 5.03125}, {'token_id': 264, 'token': ' a', 'logit': 5.03125}, {'token_id': 391, 'token': 'ly', 'logit': 4.90625}, {'token_id': 462, 'token': ' H', 'logit': 4.71875}, {'token_id': 13, 'token': '.', 'logit': 4.65625}, {'token_id': 96254, 'token': '白', 'logit': 4.53125}, {'token_id': 11, 'token': ',', 'logit': 4.46875}, {'token_id': 423, 'token': ' R', 'logit': 4.4375}]"
1,2026-09-03T06:24:38.703078+00:00,run_20260903T045230Z_qwen36_gold_blue_jlens,vendor/jacobian-lens/data/evaluations/lens-eval-multihop.json,jlens_sanity_mars-color,Fact: The color of the planet fourth from the Sun is ,Qwen/Qwen3.6-27B,6a9e13bd6fc8f0983b9b99948120bc37f49c13e9,Qwen/Qwen3.6-27B,6a9e13bd6fc8f0983b9b99948120bc37f49c13e9,neuronpedia/jacobian-lens,91271eb5b15a43eebed7bb447618738754f1379a,qwen3.6-27b/jlens/Salesforce-wikitext/Qwen3.6-27B_jacobian_lens_n1000.pt,581d398613e5602a5af361e1c34d3a92ea82ba8e,bfloat16,flash_attention_2,7,jlens,21,12,Mars,20403, Mars,0.54296875,168618,"[{'token_id': 3246, 'token': "" ''"", 'logit': 11.5}, {'token_id': 10917, 'token': ' bigger', 'logit': 10.25}, {'token_id': 1137, 'token': ' --', 'logit': 9.5625}, {'token_id': 984, 'token': ' %', 'logit': 9.5}, {'token_id': 27432, 'token': 'utc', 'logit': 9.25}, {'token_id': 117321, 'token': '什麽', 'logit': 9.25}, {'token_id': 100286, 'token': '啥', 'logit': 8.875}, {'token_id': 40934, 'token': 'obody', 'logit': 8.875}, {'token_id': 12116, 'token': ' totally', 'logit': 8.875}, {'token_id': 60244, 'token': ' anyways', 'logit': 8.875}]"
1,2026-09-03T06:24:38.706994+00:00,run_20260903T045230Z_qwen36_gold_blue_jlens,vendor/jacobian-lens/data/evaluations/lens-eval-multihop.json,jlens_sanity_mars-color,Fact: The color of the planet fourth from the Sun is ,Qwen/Qwen3.6-27B,6a9e13bd6fc8f0983b9b99948120bc37f49c13e9,Qwen/Qwen3.6-27B,6a9e13bd6fc8f0983b9b99948120bc37f49c13e9,neuronpedia/jacobian-lens,91271eb5b15a43eebed7bb447618738754f1379a,qwen3.6-27b/jlens/Salesforce-wikitext/Qwen3.6-27B_jacobian_lens_n1000.pt,581d398613e5602a5af361e1c34d3a92ea82ba8e,bfloat16,flash_attention_2,7,logit_lens,22,12,Mars,20403, Mars,1.25,2640,"[{'token_id': 3966, 'token': '\xa0', 'logit': 6.15625}, {'token_id': 14, 'token': '/', 'logit': 5.375}, {'token_id': 391, 'token': 'ly', 'logit': 4.90625}, {'token_id': 462, 'token': ' H', 'logit': 4.84375}, {'token_id': 264, 'token': ' a', 'logit': 4.8125}, {'token_id': 220, 'token': ' ', 'logit': 4.78125}, {'token_id': 8964, 'token': ' Earth', 'logit': 4.46875}, {'token_id': 97082, 'token': '令', 'logit': 4.46875}, {'token_id': 2565, 'token': 'ately', 'logit': 4.4375}, {'token_id': 54087, 'token': '‑', 'logit': 4.40625}]"
1,2026-09-03T06:24:38.751428+00:00,run_20260903T045230Z_qwen36_gold_blue_jlens,vendor/jacobian-lens/data/evaluations/lens-eval-multihop.json,jlens_sanity_mars-color,Fact: The color of the planet fourth from the Sun is ,Qwen/Qwen3.6-27B,6a9e13bd6fc8f0983b9b99948120bc37f49c13e9,Qwen/Qwen3.6-27B,6a9e13bd6fc8f0983b9b99948120bc37f49c13e9,neuronpedia/jacobian-lens,91271eb5b15a43eebed7bb447618738754f1379a,qwen3.6-27b/jlens/Salesforce-wikitext/Qwen3.6-27B_jacobian_lens_n1000.pt,581d398613e5602a5af361e1c34d3a92ea82ba8e,bfloat16,flash_attention_2,7,jlens,22,12,Mars,20403, Mars,2.21875,51785,"[{'token_id': 3246, 'token': "" ''"", 'logit': 12.0}, {'token_id': 10917, 'token': ' bigger', 'logit': 11.5}, {'token_id': 1137, 'token': ' --', 'logit': 11.375}, {'token_id': 984, 'token': ' %', 'logit': 10.125}, {'token_id': 12116, 'token': ' totally', 'logit': 9.8125}, {'token_id': 60244, 'token': ' anyways', 'logit': 9.5625}, {'token_id': 100286, 'token': '啥', 'logit': 9.375}, {'token_id': 26278, 'token': "" \\'"", 'logit': 9.3125}, {'token_id': 1691, 'token': ' much', 'logit': 9.25}, {'token_id': 98425, 'token': '多少', 'logit': 9.25}]"
1,2026-09-03T06:24:38.759127+00:00,run_20260903T045230Z_qwen36_gold_blue_jlens,vendor/jacobian-lens/data/evaluations/lens-eval-multihop.json,jlens_sanity_mars-color,Fact: The color of the planet fourth from the Sun is ,Qwen/Qwen3.6-27B,6a9e13bd6fc8f0983b9b99948120bc37f49c13e9,Qwen/Qwen3.6-27B,6a9e13bd6fc8f0983b9b99948120bc37f49c13e9,neuronpedia/jacobian-lens,91271eb5b15a43eebed7bb447618738754f1379a,qwen3.6-27b/jlens/Salesforce-wikitext/Qwen3.6-27B_jacobian_lens_n1000.pt,581d398613e5602a5af361e1c34d3a92ea82ba8e,bfloat16,flash_attention_2,7,logit_lens,23,12,Mars,20403, Mars,0.4765625,7647,"[{'token_id': 14, 'token': '/', 'logit': 6.1875}, {'token_id': 462, 'token': ' H', 'logit': 5.84375}, {'token_id': 264, 'token': ' a', 'logit': 5.59375}, {'token_id': 220, 'token': ' ', 'logit': 5.3125}, {'token_id': 7, 'token': '(', 'logit': 5.0}, {'token_id': 39, 'token': 'H', 'logit': 4.96875}, {'token_id': 3966, 'token': '\xa0', 'logit': 4.9375}, {'token_id': 11, 'token': ',', 'logit': 4.90625}, {'token_id': 13, 'token': '.', 'logit': 4.90625}, {'token_id': 417, 'token': ' B', 'logit': 4.8125}]"
1,2026-09-03T06:24:38.803722+00:00,run_20260903T045230Z_qwen36_gold_blue_jlens,vendor/jacobian-lens/data/evaluations/lens-eval-multihop.json,jlens_sanity_mars-color,Fact: The color of the planet fourth from the Sun is ,Qwen/Qwen3.6-27B,6a9e13bd6fc8f0983b9b99948120bc37f49c13e9,Qwen/Qwen3.6-27B,6a9e13bd6fc8f0983b9b99948120bc37f49c13e9,neuronpedia/jacobian-lens,91271eb5b15a43eebed7bb447618738754f1379a,qwen3.6-27b/jlens/Salesforce-wikitext/Qwen3.6-27B_jacobian_lens_n1000.pt,581d398613e5602a5af361e1c34d3a92ea82ba8e,bfloat16,flash_attention_2,7,jlens,23,12,Mars,20403, Mars,3.078125,35385,"[{'token_id': 3246, 'token': "" ''"", 'logit': 12.5625}, {'token_id': 9609, 'token': ' ``', 'logit': 10.25}, {'token_id': 10917, 'token': ' bigger', 'logit': 10.1875}, {'token_id': 1137, 'token': ' --', 'logit': 10.1875}, {'token_id': 1691, 'token': ' much', 'logit': 10.0625}, {'token_id': 215050, 'token': ' ´', 'logit': 10.0625}, {'token_id': 12116, 'token': ' totally', 'logit': 10.0625}, {'token_id': 7018, 'token': ' \\""', 'logit': 10.0}, {'token_id': 1546, 'token': ' very', 'logit': 9.125}, {'token_id': 26278, 'token': "" \\'"", 'logit': 9.125}]"
1,2026-09-03T06:24:38.808465+00:00,run_20260903T045230Z_qwen36_gold_blue_jlens,vendor/jacobian-lens/data/evaluations/lens-eval-multihop.json,jlens_sanity_mars-color,Fact: The color of the planet fourth from the Sun is ,Qwen/Qwen3.6-27B,6a9e13bd6fc8f0983b9b99948120bc37f49c13e9,Qwen/Qwen3.6-27B,6a9e13bd6fc8f0983b9b99948120bc37f49c13e9,neuronpedia/jacobian-lens,91271eb5b15a43eebed7bb447618738754f1379a,qwen3.6-27b/jlens/Salesforce-wikitext/Qwen3.6-27B_jacobian_lens_n1000.pt,581d398613e5602a5af361e1c34d3a92ea82ba8e,bfloat16,flash_attention_2,7,logit_lens,24,12,Mars,20403, Mars,1.0234375,2662,"[{'token_id': 14, 'token': '/', 'logit': 6.0}, {'token_id': 44, 'token': 'M', 'logit': 5.34375}, {'token_id': 462, 'token': ' H', 'logit': 5.28125}, {'token_id': 423, 'token': ' R', 'logit': 5.25}, {'token_id': 380, 'token': ' M', 'logit': 4.96875}, {'token_id': 3966, 'token': '\xa0', 'logit': 4.8125}, {'token_id': 7, 'token': '(', 'logit': 4.71875}, {'token_id': 16855, 'token': 'etr', 'logit': 4.59375}, {'token_id': 7057, 'token': ' CO', 'logit': 4.53125}, {'token_id': 220, 'token': ' ', 'logit': 4.53125}]"
1,2026-09-03T06:24:38.851804+00:00,run_20260903T045230Z_qwen36_gold_blue_jlens,vendor/jacobian-lens/data/evaluations/lens-eval-multihop.json,jlens_sanity_mars-color,Fact: The color of the planet fourth from the Sun is ,Qwen/Qwen3.6-27B,6a9e13bd6fc8f0983b9b99948120bc37f49c13e9,Qwen/Qwen3.6-27B,6a9e13bd6fc8f0983b9b99948120bc37f49c13e9,neuronpedia/jacobian-lens,91271eb5b15a43eebed7bb447618738754f1379a,qwen3.6-27b/jlens/Salesforce-wikitext/Qwen3.6-27B_jacobian_lens_n1000.pt,581d398613e5602a5af361e1c34d3a92ea82ba8e,bfloat16,flash_attention_2,7,jlens,24,12,Mars,20403, Mars,4.40625,6522,"[{'token_id': 3246, 'token': "" ''"", 'logit': 12.125}, {'token_id': 7018, 'token': ' \\""', 'logit': 11.25}, {'token_id': 1137, 'token': ' --', 'logit': 10.9375}, {'token_id': 10917, 'token': ' bigger', 'logit': 10.5625}, {'token_id': 1691, 'token': ' much', 'logit': 9.8125}, {'token_id': 12116, 'token': ' totally', 'logit': 9.625}, {'token_id': 215050, 'token': ' ´', 'logit': 9.3125}, {'token_id': 1535, 'token': ' """"', 'logit': 9.25}, {'token_id': 8276, 'token': ' biggest', 'logit': 9.125}, {'token_id': 1829, 'token': ' color', 'logit': 9.125}]"
1,2026-09-03T06:24:38.855076+00:00,run_20260903T045230Z_qwen36_gold_blue_jlens,vendor/jacobian-lens/data/evaluations/lens-eval-multihop.json,jlens_sanity_mars-color,Fact: The color of the planet fourth from the Sun is ,Qwen/Qwen3.6-27B,6a9e13bd6fc8f0983b9b99948120bc37f49c13e9,Qwen/Qwen3.6-27B,6a9e13bd6fc8f0983b9b99948120bc37f49c13e9,neuronpedia/jacobian-lens,91271eb5b15a43eebed7bb447618738754f1379a,qwen3.6-27b/jlens/Salesforce-wikitext/Qwen3.6-27B_jacobian_lens_n1000.pt,581d398613e5602a5af361e1c34d3a92ea82ba8e,bfloat16,flash_attention_2,7,logit_lens,25,12,Mars,20403, Mars,0.57421875,3792,"[{'token_id': 14, 'token': '/', 'logit': 5.59375}, {'token_id': 462, 'token': ' H', 'logit': 5.5625}, {'token_id': 220, 'token': ' ', 'logit': 5.375}, {'token_id': 3966, 'token': '\xa0', 'logit': 5.34375}, {'token_id': 380, 'token': ' M', 'logit': 5.3125}, {'token_id': 423, 'token': ' R', 'logit': 5.25}, {'token_id': 44, 'token': 'M', 'logit': 5.125}, {'token_id': 326, 'token': ' S', 'logit': 4.6875}, {'token_id': 351, 'token': ' C', 'logit': 4.6875}, {'token_id': 629, 'token': ' V', 'logit': 4.625}]"
1,2026-09-03T06:24:38.902991+00:00,run_20260903T045230Z_qwen36_gold_blue_jlens,vendor/jacobian-lens/data/evaluations/lens-eval-multihop.json,jlens_sanity_mars-color,Fact: The color of the planet fourth from the Sun is ,Qwen/Qwen3.6-27B,6a9e13bd6fc8f0983b9b99948120bc37f49c13e9,Qwen/Qwen3.6-27B,6a9e13bd6fc8f0983b9b99948120bc37f49c13e9,neuronpedia/jacobian-lens,91271eb5b15a43eebed7bb447618738754f1379a,qwen3.6-27b/jlens/Salesforce-wikitext/Qwen3.6-27B_jacobian_lens_n1000.pt,581d398613e5602a5af361e1c34d3a92ea82ba8e,bfloat16,flash_attention_2,7,jlens,25,12,Mars,20403, Mars,4.53125,6537,"[{'token_id': 7018, 'token': ' \\""', 'logit': 12.0}, {'token_id': 3246, 'token': "" ''"", 'logit': 11.875}, {'token_id': 10917, 'token': ' bigger', 'logit': 11.0}, {'token_id': 1137, 'token': ' --', 'logit': 10.4375}, {'token_id': 11247, 'token': ' planet', 'logit': 10.125}, {'token_id': 7736, 'token': ' colors', 'logit': 9.9375}, {'token_id': 1829, 'token': ' color', 'logit': 9.9375}, {'token_id': 16043, 'token': 'irty', 'logit': 9.6875}, {'token_id': 172131, 'token': 'ierra', 'logit': 9.6875}, {'token_id': 20774, 'token': ' NASA', 'logit': 9.5}]"
1,2026-09-03T06:24:38.906580+00:00,run_20260903T045230Z_qwen36_gold_blue_jlens,vendor/jacobian-lens/data/evaluations/lens-eval-multihop.json,jlens_sanity_mars-color,Fact: The color of the planet fourth from the Sun is ,Qwen/Qwen3.6-27B,6a9e13bd6fc8f0983b9b99948120bc37f49c13e9,Qwen/Qwen3.6-27B,6a9e13bd6fc8f0983b9b99948120bc37f49c13e9,neuronpedia/jacobian-lens,91271eb5b15a43eebed7bb447618738754f1379a,qwen3.6-27b/jlens/Salesforce-wikitext/Qwen3.6-27B_jacobian_lens_n1000.pt,581d398613e5602a5af361e1c34d3a92ea82ba8e,bfloat16,flash_attention_2,7,logit_lens,26,12,Mars,20403, Mars,0.1669921875,7127,"[{'token_id': 220, 'token': ' ', 'logit': 5.75}, {'token_id': 3966, 'token': '\xa0', 'logit': 5.5}, {'token_id': 14, 'token': '/', 'logit': 5.1875}, {'token_id': 44, 'token': 'M', 'logit': 5.125}, {'token_id': 462, 'token': ' H', 'logit': 5.125}, {'token_id': 423, 'token': ' R', 'logit': 5.09375}, {'token_id': 629, 'token': ' V', 'logit': 4.6875}, {'token_id': 13, 'token': '.', 'logit': 4.6875}, {'token_id': 380, 'token': ' M', 'logit': 4.625}, {'token_id': 50, 'token': 'S', 'logit': 4.59375}]"
1,2026-09-03T06:24:38.949990+00:00,run_20260903T045230Z_qwen36_gold_blue_jlens,vendor/jacobian-lens/data/evaluations/lens-eval-multihop.json,jlens_sanity_mars-color,Fact: The color of the planet fourth from the Sun is ,Qwen/Qwen3.6-27B,6a9e13bd6fc8f0983b9b99948120bc37f49c13e9,Qwen/Qwen3.6-27B,6a9e13bd6fc8f0983b9b99948120bc37f49c13e9,neuronpedia/jacobian-lens,91271eb5b15a43eebed7bb447618738754f1379a,qwen3.6-27b/jlens/Salesforce-wikitext/Qwen3.6-27B_jacobian_lens_n1000.pt,581d398613e5602a5af361e1c34d3a92ea82ba8e,bfloat16,flash_attention_2,7,jlens,26,12,Mars,20403, Mars,5.0,3638,"[{'token_id': 3246, 'token': "" ''"", 'logit': 12.5}, {'token_id': 7018, 'token': ' \\""', 'logit': 11.9375}, {'token_id': 10917, 'token': ' bigger', 'logit': 10.875}, {'token_id': 11247, 'token': ' planet', 'logit': 10.75}, {'token_id': 29739, 'token': ' ____', 'logit': 10.4375}, {'token_id': 1829, 'token': ' color', 'logit': 10.4375}, {'token_id': 20774, 'token': ' NASA', 'logit': 10.375}, {'token_id': 1137, 'token': ' --', 'logit': 10.3125}, {'token_id': 7736, 'token': ' colors', 'logit': 10.1875}, {'token_id': 907, 'token': ' ?', 'logit': 9.875}]"
1,2026-09-03T06:24:38.953048+00:00,run_20260903T045230Z_qwen36_gold_blue_jlens,vendor/jacobian-lens/data/evaluations/lens-eval-multihop.json,jlens_sanity_mars-color,Fact: The color of the planet fourth from the Sun is ,Qwen/Qwen3.6-27B,6a9e13bd6fc8f0983b9b99948120bc37f49c13e9,Qwen/Qwen3.6-27B,6a9e13bd6fc8f0983b9b99948120bc37f49c13e9,neuronpedia/jacobian-lens,91271eb5b15a43eebed7bb447618738754f1379a,qwen3.6-27b/jlens/Salesforce-wikitext/Qwen3.6-27B_jacobian_lens_n1000.pt,581d398613e5602a5af361e1c34d3a92ea82ba8e,bfloat16,flash_attention_2,7,logit_lens,27,12,Mars,20403, Mars,0.216796875,6674,"[{'token_id': 14, 'token': '/', 'logit': 6.03125}, {'token_id': 220, 'token': ' ', 'logit': 6.0}, {'token_id': 44, 'token': 'M', 'logit': 5.53125}, {'token_id': 380, 'token': ' M', 'logit': 5.34375}, {'token_id': 13, 'token': '.', 'logit': 5.125}, {'token_id': 3966, 'token': '\xa0', 'logit': 4.9375}, {'token_id': 462, 'token': ' H', 'logit': 4.875}, {'token_id': 457, 'token': ' W', 'logit': 4.71875}, {'token_id': 12, 'token': '-', 'logit': 4.6875}, {'token_id': 629, 'token': ' V', 'logit': 4.53125}]"
1,2026-09-03T06:24:39.004522+00:00,run_20260903T045230Z_qwen36_gold_blue_jlens,vendor/jacobian-lens/data/evaluations/lens-eval-multihop.json,jlens_sanity_mars-color,Fact: The color of the planet fourth from the Sun is ,Qwen/Qwen3.6-27B,6a9e13bd6fc8f0983b9b99948120bc37f49c13e9,Qwen/Qwen3.6-27B,6a9e13bd6fc8f0983b9b99948120bc37f49c13e9,neuronpedia/jacobian-lens,91271eb5b15a43eebed7bb447618738754f1379a,qwen3.6-27b/jlens/Salesforce-wikitext/Qwen3.6-27B_jacobian_lens_n1000.pt,581d398613e5602a5af361e1c34d3a92ea82ba8e,bfloat16,flash_attention_2,7,jlens,27,12,Mars,20403, Mars,5.96875,1607,"[{'token_id': 29739, 'token': ' ____', 'logit': 16.125}, {'token_id': 7201, 'token': ' ___', 'logit': 15.0625}, {'token_id': 31586, 'token': ' ______', 'logit': 14.9375}, {'token_id': 1259, 'token': ' __', 'logit': 14.25}, {'token_id': 7018, 'token': ' \\""', 'logit': 13.625}, {'token_id': 63668, 'token': ' _____', 'logit': 13.5}, {'token_id': 2062, 'token': '____', 'logit': 13.4375}, {'token_id': 907, 'token': ' ?', 'logit': 13.3125}, {'token_id': 5785, 'token': '___', 'logit': 12.625}, {'token_id': 3246, 'token': "" ''"", 'logit': 12.4375}]"
1,2026-09-03T06:24:39.008086+00:00,run_20260903T045230Z_qwen36_gold_blue_jlens,vendor/jacobian-lens/data/evaluations/lens-eval-multihop.json,jlens_sanity_mars-color,Fact: The color of the planet fourth from the Sun is ,Qwen/Qwen3.6-27B,6a9e13bd6fc8f0983b9b99948120bc37f49c13e9,Qwen/Qwen3.6-27B,6a9e13bd6fc8f0983b9b99948120bc37f49c13e9,neuronpedia/jacobian-lens,91271eb5b15a43eebed7bb447618738754f1379a,qwen3.6-27b/jlens/Salesforce-wikitext/Qwen3.6-27B_jacobian_lens_n1000.pt,581d398613e5602a5af361e1c34d3a92ea82ba8e,bfloat16,flash_attention_2,7,logit_lens,28,12,Mars,20403, Mars,-0.072265625,11217,"[{'token_id': 14, 'token': '/', 'logit': 5.875}, {'token_id': 220, 'token': ' ', 'logit': 5.71875}, {'token_id': 13, 'token': '.', 'logit': 5.625}, {'token_id': 462, 'token': ' H', 'logit': 5.46875}, {'token_id': 44, 'token': 'M', 'logit': 5.46875}, {'token_id': 3966, 'token': '\xa0', 'logit': 5.46875}, {'token_id': 380, 'token': ' M', 'logit': 5.34375}, {'token_id': 54087, 'token': '‑', 'logit': 5.25}, {'token_id': 7, 'token': '(', 'logit': 4.78125}, {'token_id': 326, 'token': ' S', 'logit': 4.78125}]"
1,2026-09-03T06:24:39.050534+00:00,run_20260903T045230Z_qwen36_gold_blue_jlens,vendor/jacobian-lens/data/evaluations/lens-eval-multihop.json,jlens_sanity_mars-color,Fact: The color of the planet fourth from the Sun is ,Qwen/Qwen3.6-27B,6a9e13bd6fc8f0983b9b99948120bc37f49c13e9,Qwen/Qwen3.6-27B,6a9e13bd6fc8f0983b9b99948120bc37f49c13e9,neuronpedia/jacobian-lens,91271eb5b15a43eebed7bb447618738754f1379a,qwen3.6-27b/jlens/Salesforce-wikitext/Qwen3.6-27B_jacobian_lens_n1000.pt,581d398613e5602a5af361e1c34d3a92ea82ba8e,bfloat16,flash_attention_2,7,jlens,28,12,Mars,20403, Mars,4.21875,6117,"[{'token_id': 29739, 'token': ' ____', 'logit': 21.25}, {'token_id': 31586, 'token': ' ______', 'logit': 20.25}, {'token_id': 7201, 'token': ' ___', 'logit': 20.25}, {'token_id': 2062, 'token': '____', 'logit': 19.75}, {'token_id': 1259, 'token': ' __', 'logit': 19.0}, {'token_id': 5785, 'token': '___', 'logit': 18.375}, {'token_id': 63668, 'token': ' _____', 'logit': 18.0}, {'token_id': 175009, 'token': ' ________', 'logit': 17.375}, {'token_id': 548, 'token': '__', 'logit': 16.375}, {'token_id': 3846, 'token': '________', 'logit': 15.9375}]"
1,2026-09-03T06:24:39.061667+00:00,run_20260903T045230Z_qwen36_gold_blue_jlens,vendor/jacobian-lens/data/evaluations/lens-eval-multihop.json,jlens_sanity_mars-color,Fact: The color of the planet fourth from the Sun is ,Qwen/Qwen3.6-27B,6a9e13bd6fc8f0983b9b99948120bc37f49c13e9,Qwen/Qwen3.6-27B,6a9e13bd6fc8f0983b9b99948120bc37f49c13e9,neuronpedia/jacobian-lens,91271eb5b15a43eebed7bb447618738754f1379a,qwen3.6-27b/jlens/Salesforce-wikitext/Qwen3.6-27B_jacobian_lens_n1000.pt,581d398613e5602a5af361e1c34d3a92ea82ba8e,bfloat16,flash_attention_2,7,logit_lens,29,12,Mars,20403, Mars,-0.2333984375,12671,"[{'token_id': 14, 'token': '/', 'logit': 6.0625}, {'token_id': 13, 'token': '.', 'logit': 5.78125}, {'token_id': 220, 'token': ' ', 'logit': 5.59375}, {'token_id': 12, 'token': '-', 'logit': 5.4375}, {'token_id': 380, 'token': ' M', 'logit': 5.40625}, {'token_id': 54087, 'token': '‑', 'logit': 5.3125}, {'token_id': 3966, 'token': '\xa0', 'logit': 5.25}, {'token_id': 44, 'token': 'M', 'logit': 5.21875}, {'token_id': 462, 'token': ' H', 'logit': 5.15625}, {'token_id': 326, 'token': ' S', 'logit': 5.125}]"
1,2026-09-03T06:24:39.106585+00:00,run_20260903T045230Z_qwen36_gold_blue_jlens,vendor/jacobian-lens/data/evaluations/lens-eval-multihop.json,jlens_sanity_mars-color,Fact: The color of the planet fourth from the Sun is ,Qwen/Qwen3.6-27B,6a9e13bd6fc8f0983b9b99948120bc37f49c13e9,Qwen/Qwen3.6-27B,6a9e13bd6fc8f0983b9b99948120bc37f49c13e9,neuronpedia/jacobian-lens,91271eb5b15a43eebed7bb447618738754f1379a,qwen3.6-27b/jlens/Salesforce-wikitext/Qwen3.6-27B_jacobian_lens_n1000.pt,581d398613e5602a5af361e1c34d3a92ea82ba8e,bfloat16,flash_attention_2,7,jlens,29,12,Mars,20403, Mars,3.53125,7623,"[{'token_id': 29739, 'token': ' ____', 'logit': 21.25}, {'token_id': 2062, 'token': '____', 'logit': 20.25}, {'token_id': 31586, 'token': ' ______', 'logit': 20.125}, {'token_id': 7201, 'token': ' ___', 'logit': 19.875}, {'token_id': 1259, 'token': ' __', 'logit': 18.5}, {'token_id': 5785, 'token': '___', 'logit': 18.375}, {'token_id': 63668, 'token': ' _____', 'logit': 17.75}, {'token_id': 175009, 'token': ' ________', 'logit': 16.875}, {'token_id': 548, 'token': '__', 'logit': 15.875}, {'token_id': 3846, 'token': '________', 'logit': 15.875}]"
1,2026-09-03T06:24:39.110088+00:00,run_20260903T045230Z_qwen36_gold_blue_jlens,vendor/jacobian-lens/data/evaluations/lens-eval-multihop.json,jlens_sanity_mars-color,Fact: The color of the planet fourth from the Sun is ,Qwen/Qwen3.6-27B,6a9e13bd6fc8f0983b9b99948120bc37f49c13e9,Qwen/Qwen3.6-27B,6a9e13bd6fc8f0983b9b99948120bc37f49c13e9,neuronpedia/jacobian-lens,91271eb5b15a43eebed7bb447618738754f1379a,qwen3.6-27b/jlens/Salesforce-wikitext/Qwen3.6-27B_jacobian_lens_n1000.pt,581d398613e5602a5af361e1c34d3a92ea82ba8e,bfloat16,flash_attention_2,7,logit_lens,30,12,Mars,20403, Mars,0.061279296875,9904,"[{'token_id': 13, 'token': '.', 'logit': 5.34375}, {'token_id': 380, 'token': ' M', 'logit': 5.28125}, {'token_id': 12, 'token': '-', 'logit': 5.0625}, {'token_id': 54087, 'token': '‑', 'logit': 5.0}, {'token_id': 44, 'token': 'M', 'logit': 5.0}, {'token_id': 62, 'token': '_', 'logit': 4.90625}, {'token_id': 14, 'token': '/', 'logit': 4.84375}, {'token_id': 220, 'token': ' ', 'logit': 4.75}, {'token_id': 2005, 'token': '“', 'logit': 4.6875}, {'token_id': 1001, 'token': ' “', 'logit': 4.65625}]"
1,2026-09-03T06:24:39.152049+00:00,run_20260903T045230Z_qwen36_gold_blue_jlens,vendor/jacobian-lens/data/evaluations/lens-eval-multihop.json,jlens_sanity_mars-color,Fact: The color of the planet fourth from the Sun is ,Qwen/Qwen3.6-27B,6a9e13bd6fc8f0983b9b99948120bc37f49c13e9,Qwen/Qwen3.6-27B,6a9e13bd6fc8f0983b9b99948120bc37f49c13e9,neuronpedia/jacobian-lens,91271eb5b15a43eebed7bb447618738754f1379a,qwen3.6-27b/jlens/Salesforce-wikitext/Qwen3.6-27B_jacobian_lens_n1000.pt,581d398613e5602a5af361e1c34d3a92ea82ba8e,bfloat16,flash_attention_2,7,jlens,30,12,Mars,20403, Mars,3.25,8497,"[{'token_id': 29739, 'token': ' ____', 'logit': 19.75}, {'token_id': 2062, 'token': '____', 'logit': 18.875}, {'token_id': 31586, 'token': ' ______', 'logit': 18.25}, {'token_id': 7201, 'token': ' ___', 'logit': 18.25}, {'token_id': 5785, 'token': '___', 'logit': 17.25}, {'token_id': 1259, 'token': ' __', 'logit': 16.375}, {'token_id': 63668, 'token': ' _____', 'logit': 16.125}, {'token_id': 10992, 'token': '？', 'logit': 15.75}, {'token_id': 175009, 'token': ' ________', 'logit': 15.0}, {'token_id': 3846, 'token': '________', 'logit': 14.875}]"
1,2026-09-03T06:24:39.154968+00:00,run_20260903T045230Z_qwen36_gold_blue_jlens,vendor/jacobian-lens/data/evaluations/lens-eval-multihop.json,jlens_sanity_mars-color,Fact: The color of the planet fourth from the Sun is ,Qwen/Qwen3.6-27B,6a9e13bd6fc8f0983b9b99948120bc37f49c13e9,Qwen/Qwen3.6-27B,6a9e13bd6fc8f0983b9b99948120bc37f49c13e9,neuronpedia/jacobian-lens,91271eb5b15a43eebed7bb447618738754f1379a,qwen3.6-27b/jlens/Salesforce-wikitext/Qwen3.6-27B_jacobian_lens_n1000.pt,581d398613e5602a5af361e1c34d3a92ea82ba8e,bfloat16,flash_attention_2,7,logit_lens,31,12,Mars,20403, Mars,0.302734375,7111,"[{'token_id': 13, 'token': '.', 'logit': 5.5}, {'token_id': 44, 'token': 'M', 'logit': 5.09375}, {'token_id': 380, 'token': ' M', 'logit': 4.96875}, {'token_id': 12, 'token': '-', 'logit': 4.9375}, {'token_id': 54087, 'token': '‑', 'logit': 4.75}, {'token_id': 62, 'token': '_', 'logit': 4.65625}, {'token_id': 326, 'token': ' S', 'logit': 4.5625}, {'token_id': 50, 'token': 'S', 'logit': 4.53125}, {'token_id': 14, 'token': '/', 'logit': 4.53125}, {'token_id': 318, 'token': ' (', 'logit': 4.46875}]"
1,2026-09-03T06:24:39.204997+00:00,run_20260903T045230Z_qwen36_gold_blue_jlens,vendor/jacobian-lens/data/evaluations/lens-eval-multihop.json,jlens_sanity_mars-color,Fact: The color of the planet fourth from the Sun is ,Qwen/Qwen3.6-27B,6a9e13bd6fc8f0983b9b99948120bc37f49c13e9,Qwen/Qwen3.6-27B,6a9e13bd6fc8f0983b9b99948120bc37f49c13e9,neuronpedia/jacobian-lens,91271eb5b15a43eebed7bb447618738754f1379a,qwen3.6-27b/jlens/Salesforce-wikitext/Qwen3.6-27B_jacobian_lens_n1000.pt,581d398613e5602a5af361e1c34d3a92ea82ba8e,bfloat16,flash_attention_2,7,jlens,31,12,Mars,20403, Mars,4.375,2386,"[{'token_id': 29739, 'token': ' ____', 'logit': 16.875}, {'token_id': 31586, 'token': ' ______', 'logit': 15.75}, {'token_id': 7201, 'token': ' ___', 'logit': 15.6875}, {'token_id': 2062, 'token': '____', 'logit': 15.3125}, {'token_id': 1259, 'token': ' __', 'logit': 14.4375}, {'token_id': 5785, 'token': '___', 'logit': 14.25}, {'token_id': 63668, 'token': ' _____', 'logit': 14.1875}, {'token_id': 175009, 'token': ' ________', 'logit': 12.8125}, {'token_id': 10992, 'token': '？', 'logit': 12.4375}, {'token_id': 548, 'token': '__', 'logit': 11.9375}]"
1,2026-09-03T06:24:39.209722+00:00,run_20260903T045230Z_qwen36_gold_blue_jlens,vendor/jacobian-lens/data/evaluations/lens-eval-multihop.json,jlens_sanity_mars-color,Fact: The color of the planet fourth from the Sun is ,Qwen/Qwen3.6-27B,6a9e13bd6fc8f0983b9b99948120bc37f49c13e9,Qwen/Qwen3.6-27B,6a9e13bd6fc8f0983b9b99948120bc37f49c13e9,neuronpedia/jacobian-lens,91271eb5b15a43eebed7bb447618738754f1379a,qwen3.6-27b/jlens/Salesforce-wikitext/Qwen3.6-27B_jacobian_lens_n1000.pt,581d398613e5602a5af361e1c34d3a92ea82ba8e,bfloat16,flash_attention_2,7,logit_lens,32,12,Mars,20403, Mars,-0.6015625,22977,"[{'token_id': 13, 'token': '.', 'logit': 6.03125}, {'token_id': 12, 'token': '-', 'logit': 5.53125}, {'token_id': 14, 'token': '/', 'logit': 5.28125}, {'token_id': 380, 'token': ' M', 'logit': 5.125}, {'token_id': 220, 'token': ' ', 'logit': 4.9375}, {'token_id': 318, 'token': ' (', 'logit': 4.9375}, {'token_id': 1543, 'token': ' X', 'logit': 4.875}, {'token_id': 3966, 'token': '\xa0', 'logit': 4.84375}, {'token_id': 351, 'token': ' C', 'logit': 4.78125}, {'token_id': 54087, 'token': '‑', 'logit': 4.75}]"
1,2026-09-03T06:24:39.251546+00:00,run_20260903T045230Z_qwen36_gold_blue_jlens,vendor/jacobian-lens/data/evaluations/lens-eval-multihop.json,jlens_sanity_mars-color,Fact: The color of the planet fourth from the Sun is ,Qwen/Qwen3.6-27B,6a9e13bd6fc8f0983b9b99948120bc37f49c13e9,Qwen/Qwen3.6-27B,6a9e13bd6fc8f0983b9b99948120bc37f49c13e9,neuronpedia/jacobian-lens,91271eb5b15a43eebed7bb447618738754f1379a,qwen3.6-27b/jlens/Salesforce-wikitext/Qwen3.6-27B_jacobian_lens_n1000.pt,581d398613e5602a5af361e1c34d3a92ea82ba8e,bfloat16,flash_attention_2,7,jlens,32,12,Mars,20403, Mars,3.65625,3142,"[{'token_id': 29739, 'token': ' ____', 'logit': 12.125}, {'token_id': 7201, 'token': ' ___', 'logit': 11.125}, {'token_id': 31586, 'token': ' ______', 'logit': 10.6875}, {'token_id': 2062, 'token': '____', 'logit': 10.5625}, {'token_id': 5785, 'token': '___', 'logit': 10.1875}, {'token_id': 10992, 'token': '？', 'logit': 9.8125}, {'token_id': 63668, 'token': ' _____', 'logit': 9.6875}, {'token_id': 1259, 'token': ' __', 'logit': 9.4375}, {'token_id': 38777, 'token': ' whats', 'logit': 9.3125}, {'token_id': 50790, 'token': ' blah', 'logit': 8.625}]"
1,2026-09-03T06:24:39.259191+00:00,run_20260903T045230Z_qwen36_gold_blue_jlens,vendor/jacobian-lens/data/evaluations/lens-eval-multihop.json,jlens_sanity_mars-color,Fact: The color of the planet fourth from the Sun is ,Qwen/Qwen3.6-27B,6a9e13bd6fc8f0983b9b99948120bc37f49c13e9,Qwen/Qwen3.6-27B,6a9e13bd6fc8f0983b9b99948120bc37f49c13e9,neuronpedia/jacobian-lens,91271eb5b15a43eebed7bb447618738754f1379a,qwen3.6-27b/jlens/Salesforce-wikitext/Qwen3.6-27B_jacobian_lens_n1000.pt,581d398613e5602a5af361e1c34d3a92ea82ba8e,bfloat16,flash_attention_2,7,logit_lens,33,12,Mars,20403, Mars,-1.234375,50244,"[{'token_id': 13, 'token': '.', 'logit': 5.28125}, {'token_id': 380, 'token': ' M', 'logit': 5.03125}, {'token_id': 220, 'token': ' ', 'logit': 4.6875}, {'token_id': 326, 'token': ' S', 'logit': 4.625}, {'token_id': 1543, 'token': ' X', 'logit': 4.53125}, {'token_id': 62, 'token': '_', 'logit': 4.46875}, {'token_id': 417, 'token': ' B', 'logit': 4.4375}, {'token_id': 12, 'token': '-', 'logit': 4.3125}, {'token_id': 3966, 'token': '\xa0', 'logit': 4.25}, {'token_id': 357, 'token': ' A', 'logit': 4.21875}]"
1,2026-09-03T06:24:39.302607+00:00,run_20260903T045230Z_qwen36_gold_blue_jlens,vendor/jacobian-lens/data/evaluations/lens-eval-multihop.json,jlens_sanity_mars-color,Fact: The color of the planet fourth from the Sun is ,Qwen/Qwen3.6-27B,6a9e13bd6fc8f0983b9b99948120bc37f49c13e9,Qwen/Qwen3.6-27B,6a9e13bd6fc8f0983b9b99948120bc37f49c13e9,neuronpedia/jacobian-lens,91271eb5b15a43eebed7bb447618738754f1379a,qwen3.6-27b/jlens/Salesforce-wikitext/Qwen3.6-27B_jacobian_lens_n1000.pt,581d398613e5602a5af361e1c34d3a92ea82ba8e,bfloat16,flash_attention_2,7,jlens,33,12,Mars,20403, Mars,3.6875,6891,"[{'token_id': 29739, 'token': ' ____', 'logit': 11.6875}, {'token_id': 31586, 'token': ' ______', 'logit': 10.875}, {'token_id': 38777, 'token': ' whats', 'logit': 10.625}, {'token_id': 7201, 'token': ' ___', 'logit': 10.5625}, {'token_id': 1829, 'token': ' color', 'logit': 9.9375}, {'token_id': 2062, 'token': '____', 'logit': 9.875}, {'token_id': 12313, 'token': ' humans', 'logit': 9.75}, {'token_id': 1259, 'token': ' __', 'logit': 9.625}, {'token_id': 26578, 'token': ' scientist', 'logit': 9.5}, {'token_id': 5785, 'token': '___', 'logit': 9.5}]"
1,2026-09-03T06:24:39.306078+00:00,run_20260903T045230Z_qwen36_gold_blue_jlens,vendor/jacobian-lens/data/evaluations/lens-eval-multihop.json,jlens_sanity_mars-color,Fact: The color of the planet fourth from the Sun is ,Qwen/Qwen3.6-27B,6a9e13bd6fc8f0983b9b99948120bc37f49c13e9,Qwen/Qwen3.6-27B,6a9e13bd6fc8f0983b9b99948120bc37f49c13e9,neuronpedia/jacobian-lens,91271eb5b15a43eebed7bb447618738754f1379a,qwen3.6-27b/jlens/Salesforce-wikitext/Qwen3.6-27B_jacobian_lens_n1000.pt,581d398613e5602a5af361e1c34d3a92ea82ba8e,bfloat16,flash_attention_2,7,logit_lens,34,12,Mars,20403, Mars,-1.1640625,50929,"[{'token_id': 3966, 'token': '\xa0', 'logit': 6.78125}, {'token_id': 13, 'token': '.', 'logit': 5.65625}, {'token_id': 1543, 'token': ' X', 'logit': 5.40625}, {'token_id': 380, 'token': ' M', 'logit': 5.40625}, {'token_id': 326, 'token': ' S', 'logit': 5.34375}, {'token_id': 462, 'token': ' H', 'logit': 5.0}, {'token_id': 357, 'token': ' A', 'logit': 4.9375}, {'token_id': 417, 'token': ' B', 'logit': 4.875}, {'token_id': 783, 'token': ' Y', 'logit': 4.78125}, {'token_id': 220, 'token': ' ', 'logit': 4.65625}]"
1,2026-09-03T06:24:39.347428+00:00,run_20260903T045230Z_qwen36_gold_blue_jlens,vendor/jacobian-lens/data/evaluations/lens-eval-multihop.json,jlens_sanity_mars-color,Fact: The color of the planet fourth from the Sun is ,Qwen/Qwen3.6-27B,6a9e13bd6fc8f0983b9b99948120bc37f49c13e9,Qwen/Qwen3.6-27B,6a9e13bd6fc8f0983b9b99948120bc37f49c13e9,neuronpedia/jacobian-lens,91271eb5b15a43eebed7bb447618738754f1379a,qwen3.6-27b/jlens/Salesforce-wikitext/Qwen3.6-27B_jacobian_lens_n1000.pt,581d398613e5602a5af361e1c34d3a92ea82ba8e,bfloat16,flash_attention_2,7,jlens,34,12,Mars,20403, Mars,1.953125,42693,"[{'token_id': 29739, 'token': ' ____', 'logit': 14.9375}, {'token_id': 2062, 'token': '____', 'logit': 14.625}, {'token_id': 5785, 'token': '___', 'logit': 14.25}, {'token_id': 31586, 'token': ' ______', 'logit': 14.1875}, {'token_id': 7201, 'token': ' ___', 'logit': 13.5}, {'token_id': 1259, 'token': ' __', 'logit': 12.5625}, {'token_id': 38777, 'token': ' whats', 'logit': 12.0625}, {'token_id': 100286, 'token': '啥', 'logit': 11.875}, {'token_id': 96407, 'token': '什么', 'logit': 11.75}, {'token_id': 10992, 'token': '？', 'logit': 11.6875}]"
1,2026-09-03T06:24:39.350323+00:00,run_20260903T045230Z_qwen36_gold_blue_jlens,vendor/jacobian-lens/data/evaluations/lens-eval-multihop.json,jlens_sanity_mars-color,Fact: The color of the planet fourth from the Sun is ,Qwen/Qwen3.6-27B,6a9e13bd6fc8f0983b9b99948120bc37f49c13e9,Qwen/Qwen3.6-27B,6a9e13bd6fc8f0983b9b99948120bc37f49c13e9,neuronpedia/jacobian-lens,91271eb5b15a43eebed7bb447618738754f1379a,qwen3.6-27b/jlens/Salesforce-wikitext/Qwen3.6-27B_jacobian_lens_n1000.pt,581d398613e5602a5af361e1c34d3a92ea82ba8e,bfloat16,flash_attention_2,7,logit_lens,35,12,Mars,20403, Mars,-1.234375,67003,"[{'token_id': 1543, 'token': ' X', 'logit': 6.0}, {'token_id': 545, 'token': 'ption', 'logit': 5.75}, {'token_id': 380, 'token': ' M', 'logit': 5.15625}, {'token_id': 13, 'token': '.', 'logit': 5.0625}, {'token_id': 5389, 'token': '�', 'logit': 5.03125}, {'token_id': 326, 'token': ' S', 'logit': 4.875}, {'token_id': 3966, 'token': '\xa0', 'logit': 4.84375}, {'token_id': 1522, 'token': 'roid', 'logit': 4.65625}, {'token_id': 95737, 'token': '�', 'logit': 4.625}, {'token_id': 357, 'token': ' A', 'logit': 4.625}]"
1,2026-09-03T06:24:39.406558+00:00,run_20260903T045230Z_qwen36_gold_blue_jlens,vendor/jacobian-lens/data/evaluations/lens-eval-multihop.json,jlens_sanity_mars-color,Fact: The color of the planet fourth from the Sun is ,Qwen/Qwen3.6-27B,6a9e13bd6fc8f0983b9b99948120bc37f49c13e9,Qwen/Qwen3.6-27B,6a9e13bd6fc8f0983b9b99948120bc37f49c13e9,neuronpedia/jacobian-lens,91271eb5b15a43eebed7bb447618738754f1379a,qwen3.6-27b/jlens/Salesforce-wikitext/Qwen3.6-27B_jacobian_lens_n1000.pt,581d398613e5602a5af361e1c34d3a92ea82ba8e,bfloat16,flash_attention_2,7,jlens,35,12,Mars,20403, Mars,1.6796875,40709,"[{'token_id': 29739, 'token': ' ____', 'logit': 15.1875}, {'token_id': 2062, 'token': '____', 'logit': 15.0}, {'token_id': 31586, 'token': ' ______', 'logit': 14.625}, {'token_id': 5785, 'token': '___', 'logit': 13.4375}, {'token_id': 7201, 'token': ' ___', 'logit': 13.1875}, {'token_id': 10992, 'token': '？', 'logit': 12.375}, {'token_id': 96407, 'token': '什么', 'logit': 12.0625}, {'token_id': 63668, 'token': ' _____', 'logit': 11.8125}, {'token_id': 1259, 'token': ' __', 'logit': 11.8125}, {'token_id': 218758, 'token': '_________', 'logit': 11.5625}]"
1,2026-09-03T06:24:39.410316+00:00,run_20260903T045230Z_qwen36_gold_blue_jlens,vendor/jacobian-lens/data/evaluations/lens-eval-multihop.json,jlens_sanity_mars-color,Fact: The color of the planet fourth from the Sun is ,Qwen/Qwen3.6-27B,6a9e13bd6fc8f0983b9b99948120bc37f49c13e9,Qwen/Qwen3.6-27B,6a9e13bd6fc8f0983b9b99948120bc37f49c13e9,neuronpedia/jacobian-lens,91271eb5b15a43eebed7bb447618738754f1379a,qwen3.6-27b/jlens/Salesforce-wikitext/Qwen3.6-27B_jacobian_lens_n1000.pt,581d398613e5602a5af361e1c34d3a92ea82ba8e,bfloat16,flash_attention_2,7,logit_lens,36,12,Mars,20403, Mars,-1.59375,90121,"[{'token_id': 1543, 'token': ' X', 'logit': 5.6875}, {'token_id': 5389, 'token': '�', 'logit': 5.5625}, {'token_id': 380, 'token': ' M', 'logit': 5.46875}, {'token_id': 13, 'token': '.', 'logit': 5.375}, {'token_id': 545, 'token': 'ption', 'logit': 5.3125}, {'token_id': 823, 'token': 'ict', 'logit': 4.875}, {'token_id': 357, 'token': ' A', 'logit': 4.84375}, {'token_id': 3966, 'token': '\xa0', 'logit': 4.71875}, {'token_id': 86643, 'token': 'ichtet', 'logit': 4.625}, {'token_id': 326, 'token': ' S', 'logit': 4.53125}]"
1,2026-09-03T06:24:39.450774+00:00,run_20260903T045230Z_qwen36_gold_blue_jlens,vendor/jacobian-lens/data/evaluations/lens-eval-multihop.json,jlens_sanity_mars-color,Fact: The color of the planet fourth from the Sun is ,Qwen/Qwen3.6-27B,6a9e13bd6fc8f0983b9b99948120bc37f49c13e9,Qwen/Qwen3.6-27B,6a9e13bd6fc8f0983b9b99948120bc37f49c13e9,neuronpedia/jacobian-lens,91271eb5b15a43eebed7bb447618738754f1379a,qwen3.6-27b/jlens/Salesforce-wikitext/Qwen3.6-27B_jacobian_lens_n1000.pt,581d398613e5602a5af361e1c34d3a92ea82ba8e,bfloat16,flash_attention_2,7,jlens,36,12,Mars,20403, Mars,1.6171875,45778,"[{'token_id': 29739, 'token': ' ____', 'logit': 15.375}, {'token_id': 2062, 'token': '____', 'logit': 15.1875}, {'token_id': 31586, 'token': ' ______', 'logit': 14.5625}, {'token_id': 5785, 'token': '___', 'logit': 14.0}, {'token_id': 7201, 'token': ' ___', 'logit': 13.5}, {'token_id': 1259, 'token': ' __', 'logit': 12.75}, {'token_id': 96407, 'token': '什么', 'logit': 12.1875}, {'token_id': 63668, 'token': ' _____', 'logit': 12.0}, {'token_id': 10992, 'token': '？', 'logit': 11.875}, {'token_id': 40015, 'token': '____________', 'logit': 11.625}]"
1,2026-09-03T06:24:39.453816+00:00,run_20260903T045230Z_qwen36_gold_blue_jlens,vendor/jacobian-lens/data/evaluations/lens-eval-multihop.json,jlens_sanity_mars-color,Fact: The color of the planet fourth from the Sun is ,Qwen/Qwen3.6-27B,6a9e13bd6fc8f0983b9b99948120bc37f49c13e9,Qwen/Qwen3.6-27B,6a9e13bd6fc8f0983b9b99948120bc37f49c13e9,neuronpedia/jacobian-lens,91271eb5b15a43eebed7bb447618738754f1379a,qwen3.6-27b/jlens/Salesforce-wikitext/Qwen3.6-27B_jacobian_lens_n1000.pt,581d398613e5602a5af361e1c34d3a92ea82ba8e,bfloat16,flash_attention_2,7,logit_lens,37,12,Mars,20403, Mars,-1.359375,71713,"[{'token_id': 545, 'token': 'ption', 'logit': 5.0625}, {'token_id': 13, 'token': '.', 'logit': 5.0625}, {'token_id': 1543, 'token': ' X', 'logit': 5.03125}, {'token_id': 5389, 'token': '�', 'logit': 5.0}, {'token_id': 2405, 'token': 'ither', 'logit': 4.9375}, {'token_id': 357, 'token': ' A', 'logit': 4.90625}, {'token_id': 380, 'token': ' M', 'logit': 4.875}, {'token_id': 326, 'token': ' S', 'logit': 4.84375}, {'token_id': 96827, 'token': '征', 'logit': 4.5625}, {'token_id': 417, 'token': ' B', 'logit': 4.5625}]"
1,2026-09-03T06:24:39.501353+00:00,run_20260903T045230Z_qwen36_gold_blue_jlens,vendor/jacobian-lens/data/evaluations/lens-eval-multihop.json,jlens_sanity_mars-color,Fact: The color of the planet fourth from the Sun is ,Qwen/Qwen3.6-27B,6a9e13bd6fc8f0983b9b99948120bc37f49c13e9,Qwen/Qwen3.6-27B,6a9e13bd6fc8f0983b9b99948120bc37f49c13e9,neuronpedia/jacobian-lens,91271eb5b15a43eebed7bb447618738754f1379a,qwen3.6-27b/jlens/Salesforce-wikitext/Qwen3.6-27B_jacobian_lens_n1000.pt,581d398613e5602a5af361e1c34d3a92ea82ba8e,bfloat16,flash_attention_2,7,jlens,37,12,Mars,20403, Mars,1.7578125,49940,"[{'token_id': 29739, 'token': ' ____', 'logit': 14.4375}, {'token_id': 2062, 'token': '____', 'logit': 14.125}, {'token_id': 31586, 'token': ' ______', 'logit': 13.6875}, {'token_id': 5785, 'token': '___', 'logit': 12.625}, {'token_id': 7201, 'token': ' ___', 'logit': 12.5}, {'token_id': 96407, 'token': '什么', 'logit': 11.875}, {'token_id': 1259, 'token': ' __', 'logit': 11.875}, {'token_id': 10992, 'token': '？', 'logit': 11.375}, {'token_id': 63668, 'token': ' _____', 'logit': 11.3125}, {'token_id': 3846, 'token': '________', 'logit': 11.0}]"
1,2026-09-03T06:24:39.504939+00:00,run_20260903T045230Z_qwen36_gold_blue_jlens,vendor/jacobian-lens/data/evaluations/lens-eval-multihop.json,jlens_sanity_mars-color,Fact: The color of the planet fourth from the Sun is ,Qwen/Qwen3.6-27B,6a9e13bd6fc8f0983b9b99948120bc37f49c13e9,Qwen/Qwen3.6-27B,6a9e13bd6fc8f0983b9b99948120bc37f49c13e9,neuronpedia/jacobian-lens,91271eb5b15a43eebed7bb447618738754f1379a,qwen3.6-27b/jlens/Salesforce-wikitext/Qwen3.6-27B_jacobian_lens_n1000.pt,581d398613e5602a5af361e1c34d3a92ea82ba8e,bfloat16,flash_attention_2,7,logit_lens,38,12,Mars,20403, Mars,-0.65625,26768,"[{'token_id': 13, 'token': '.', 'logit': 6.0625}, {'token_id': 380, 'token': ' M', 'logit': 5.5625}, {'token_id': 220, 'token': ' ', 'logit': 5.5625}, {'token_id': 264, 'token': ' a', 'logit': 5.5}, {'token_id': 641, 'token': ' .', 'logit': 5.0}, {'token_id': 326, 'token': ' S', 'logit': 4.875}, {'token_id': 3966, 'token': '\xa0', 'logit': 4.875}, {'token_id': 357, 'token': ' A', 'logit': 4.84375}, {'token_id': 417, 'token': ' B', 'logit': 4.8125}, {'token_id': 1543, 'token': ' X', 'logit': 4.71875}]"
1,2026-09-03T06:24:39.544869+00:00,run_20260903T045230Z_qwen36_gold_blue_jlens,vendor/jacobian-lens/data/evaluations/lens-eval-multihop.json,jlens_sanity_mars-color,Fact: The color of the planet fourth from the Sun is ,Qwen/Qwen3.6-27B,6a9e13bd6fc8f0983b9b99948120bc37f49c13e9,Qwen/Qwen3.6-27B,6a9e13bd6fc8f0983b9b99948120bc37f49c13e9,neuronpedia/jacobian-lens,91271eb5b15a43eebed7bb447618738754f1379a,qwen3.6-27b/jlens/Salesforce-wikitext/Qwen3.6-27B_jacobian_lens_n1000.pt,581d398613e5602a5af361e1c34d3a92ea82ba8e,bfloat16,flash_attention_2,7,jlens,38,12,Mars,20403, Mars,2.390625,35590,"[{'token_id': 29739, 'token': ' ____', 'logit': 14.1875}, {'token_id': 1829, 'token': ' color', 'logit': 14.0625}, {'token_id': 31586, 'token': ' ______', 'logit': 13.75}, {'token_id': 7736, 'token': ' colors', 'logit': 13.0625}, {'token_id': 2062, 'token': '____', 'logit': 13.0}, {'token_id': 3313, 'token': 'color', 'logit': 12.875}, {'token_id': 20391, 'token': 'colors', 'logit': 12.5}, {'token_id': 3366, 'token': ' Color', 'logit': 11.9375}, {'token_id': 26321, 'token': ' colored', 'logit': 11.875}, {'token_id': 7201, 'token': ' ___', 'logit': 11.5625}]"
1,2026-09-03T06:24:39.554288+00:00,run_20260903T045230Z_qwen36_gold_blue_jlens,vendor/jacobian-lens/data/evaluations/lens-eval-multihop.json,jlens_sanity_mars-color,Fact: The color of the planet fourth from the Sun is ,Qwen/Qwen3.6-27B,6a9e13bd6fc8f0983b9b99948120bc37f49c13e9,Qwen/Qwen3.6-27B,6a9e13bd6fc8f0983b9b99948120bc37f49c13e9,neuronpedia/jacobian-lens,91271eb5b15a43eebed7bb447618738754f1379a,qwen3.6-27b/jlens/Salesforce-wikitext/Qwen3.6-27B_jacobian_lens_n1000.pt,581d398613e5602a5af361e1c34d3a92ea82ba8e,bfloat16,flash_attention_2,7,logit_lens,39,12,Mars,20403, Mars,0.0281982421875,11911,"[{'token_id': 13, 'token': '.', 'logit': 6.5625}, {'token_id': 380, 'token': ' M', 'logit': 5.46875}, {'token_id': 3966, 'token': '\xa0', 'logit': 5.28125}, {'token_id': 264, 'token': ' a', 'logit': 5.0625}, {'token_id': 220, 'token': ' ', 'logit': 5.03125}, {'token_id': 2405, 'token': 'ither', 'logit': 4.875}, {'token_id': 326, 'token': ' S', 'logit': 4.78125}, {'token_id': 417, 'token': ' B', 'logit': 4.6875}, {'token_id': 1543, 'token': ' X', 'logit': 4.65625}, {'token_id': 641, 'token': ' .', 'logit': 4.53125}]"
1,2026-09-03T06:24:39.600510+00:00,run_20260903T045230Z_qwen36_gold_blue_jlens,vendor/jacobian-lens/data/evaluations/lens-eval-multihop.json,jlens_sanity_mars-color,Fact: The color of the planet fourth from the Sun is ,Qwen/Qwen3.6-27B,6a9e13bd6fc8f0983b9b99948120bc37f49c13e9,Qwen/Qwen3.6-27B,6a9e13bd6fc8f0983b9b99948120bc37f49c13e9,neuronpedia/jacobian-lens,91271eb5b15a43eebed7bb447618738754f1379a,qwen3.6-27b/jlens/Salesforce-wikitext/Qwen3.6-27B_jacobian_lens_n1000.pt,581d398613e5602a5af361e1c34d3a92ea82ba8e,bfloat16,flash_attention_2,7,jlens,39,12,Mars,20403, Mars,2.625,23161,"[{'token_id': 1829, 'token': ' color', 'logit': 15.0}, {'token_id': 7736, 'token': ' colors', 'logit': 14.4375}, {'token_id': 3313, 'token': 'color', 'logit': 14.3125}, {'token_id': 20391, 'token': 'colors', 'logit': 14.125}, {'token_id': 2062, 'token': '____', 'logit': 13.6875}, {'token_id': 29739, 'token': ' ____', 'logit': 13.25}, {'token_id': 7640, 'token': '-color', 'logit': 13.125}, {'token_id': 101617, 'token': '颜色', 'logit': 13.0625}, {'token_id': 31586, 'token': ' ______', 'logit': 12.875}, {'token_id': 3366, 'token': ' Color', 'logit': 12.75}]"
1,2026-09-03T06:24:39.605166+00:00,run_20260903T045230Z_qwen36_gold_blue_jlens,vendor/jacobian-lens/data/evaluations/lens-eval-multihop.json,jlens_sanity_mars-color,Fact: The color of the planet fourth from the Sun is ,Qwen/Qwen3.6-27B,6a9e13bd6fc8f0983b9b99948120bc37f49c13e9,Qwen/Qwen3.6-27B,6a9e13bd6fc8f0983b9b99948120bc37f49c13e9,neuronpedia/jacobian-lens,91271eb5b15a43eebed7bb447618738754f1379a,qwen3.6-27b/jlens/Salesforce-wikitext/Qwen3.6-27B_jacobian_lens_n1000.pt,581d398613e5602a5af361e1c34d3a92ea82ba8e,bfloat16,flash_attention_2,7,logit_lens,40,12,Mars,20403, Mars,0.46484375,6736,"[{'token_id': 13, 'token': '.', 'logit': 6.375}, {'token_id': 3966, 'token': '\xa0', 'logit': 5.96875}, {'token_id': 380, 'token': ' M', 'logit': 5.25}, {'token_id': 220, 'token': ' ', 'logit': 5.0}, {'token_id': 417, 'token': ' B', 'logit': 4.75}, {'token_id': 326, 'token': ' S', 'logit': 4.71875}, {'token_id': 5389, 'token': '�', 'logit': 4.6875}, {'token_id': 1116, 'token': ' ,', 'logit': 4.6875}, {'token_id': 641, 'token': ' .', 'logit': 4.625}, {'token_id': 264, 'token': ' a', 'logit': 4.5}]"
1,2026-09-03T06:24:39.645943+00:00,run_20260903T045230Z_qwen36_gold_blue_jlens,vendor/jacobian-lens/data/evaluations/lens-eval-multihop.json,jlens_sanity_mars-color,Fact: The color of the planet fourth from the Sun is ,Qwen/Qwen3.6-27B,6a9e13bd6fc8f0983b9b99948120bc37f49c13e9,Qwen/Qwen3.6-27B,6a9e13bd6fc8f0983b9b99948120bc37f49c13e9,neuronpedia/jacobian-lens,91271eb5b15a43eebed7bb447618738754f1379a,qwen3.6-27b/jlens/Salesforce-wikitext/Qwen3.6-27B_jacobian_lens_n1000.pt,581d398613e5602a5af361e1c34d3a92ea82ba8e,bfloat16,flash_attention_2,7,jlens,40,12,Mars,20403, Mars,2.90625,16440,"[{'token_id': 1829, 'token': ' color', 'logit': 15.1875}, {'token_id': 7736, 'token': ' colors', 'logit': 14.4375}, {'token_id': 3313, 'token': 'color', 'logit': 13.75}, {'token_id': 20391, 'token': 'colors', 'logit': 13.625}, {'token_id': 3366, 'token': ' Color', 'logit': 13.0625}, {'token_id': 7640, 'token': '-color', 'logit': 13.0}, {'token_id': 2062, 'token': '____', 'logit': 12.875}, {'token_id': 101617, 'token': '颜色', 'logit': 12.625}, {'token_id': 26321, 'token': ' colored', 'logit': 12.4375}, {'token_id': 29739, 'token': ' ____', 'logit': 12.375}]"
1,2026-09-03T06:24:39.649585+00:00,run_20260903T045230Z_qwen36_gold_blue_jlens,vendor/jacobian-lens/data/evaluations/lens-eval-multihop.json,jlens_sanity_mars-color,Fact: The color of the planet fourth from the Sun is ,Qwen/Qwen3.6-27B,6a9e13bd6fc8f0983b9b99948120bc37f49c13e9,Qwen/Qwen3.6-27B,6a9e13bd6fc8f0983b9b99948120bc37f49c13e9,neuronpedia/jacobian-lens,91271eb5b15a43eebed7bb447618738754f1379a,qwen3.6-27b/jlens/Salesforce-wikitext/Qwen3.6-27B_jacobian_lens_n1000.pt,581d398613e5602a5af361e1c34d3a92ea82ba8e,bfloat16,flash_attention_2,7,logit_lens,41,12,Mars,20403, Mars,0.494140625,5990,"[{'token_id': 3966, 'token': '\xa0', 'logit': 6.65625}, {'token_id': 13, 'token': '.', 'logit': 6.625}, {'token_id': 5389, 'token': '�', 'logit': 5.34375}, {'token_id': 2038, 'token': 'irt', 'logit': 5.3125}, {'token_id': 220, 'token': ' ', 'logit': 5.21875}, {'token_id': 373, 'token': '�', 'logit': 5.0625}, {'token_id': 380, 'token': ' M', 'logit': 4.84375}, {'token_id': 417, 'token': ' B', 'logit': 4.71875}, {'token_id': 2868, 'token': 'ilt', 'logit': 4.375}, {'token_id': 12, 'token': '-', 'logit': 4.375}]"
1,2026-09-03T06:24:39.701043+00:00,run_20260903T045230Z_qwen36_gold_blue_jlens,vendor/jacobian-lens/data/evaluations/lens-eval-multihop.json,jlens_sanity_mars-color,Fact: The color of the planet fourth from the Sun is ,Qwen/Qwen3.6-27B,6a9e13bd6fc8f0983b9b99948120bc37f49c13e9,Qwen/Qwen3.6-27B,6a9e13bd6fc8f0983b9b99948120bc37f49c13e9,neuronpedia/jacobian-lens,91271eb5b15a43eebed7bb447618738754f1379a,qwen3.6-27b/jlens/Salesforce-wikitext/Qwen3.6-27B_jacobian_lens_n1000.pt,581d398613e5602a5af361e1c34d3a92ea82ba8e,bfloat16,flash_attention_2,7,jlens,41,12,Mars,20403, Mars,2.46875,25434,"[{'token_id': 1829, 'token': ' color', 'logit': 15.5}, {'token_id': 7736, 'token': ' colors', 'logit': 15.3125}, {'token_id': 20391, 'token': 'colors', 'logit': 14.0}, {'token_id': 2062, 'token': '____', 'logit': 13.875}, {'token_id': 3313, 'token': 'color', 'logit': 13.625}, {'token_id': 29739, 'token': ' ____', 'logit': 13.5625}, {'token_id': 3366, 'token': ' Color', 'logit': 13.4375}, {'token_id': 5785, 'token': '___', 'logit': 13.0}, {'token_id': 7640, 'token': '-color', 'logit': 13.0}, {'token_id': 101617, 'token': '颜色', 'logit': 12.875}]"
1,2026-09-03T06:24:39.704520+00:00,run_20260903T045230Z_qwen36_gold_blue_jlens,vendor/jacobian-lens/data/evaluations/lens-eval-multihop.json,jlens_sanity_mars-color,Fact: The color of the planet fourth from the Sun is ,Qwen/Qwen3.6-27B,6a9e13bd6fc8f0983b9b99948120bc37f49c13e9,Qwen/Qwen3.6-27B,6a9e13bd6fc8f0983b9b99948120bc37f49c13e9,neuronpedia/jacobian-lens,91271eb5b15a43eebed7bb447618738754f1379a,qwen3.6-27b/jlens/Salesforce-wikitext/Qwen3.6-27B_jacobian_lens_n1000.pt,581d398613e5602a5af361e1c34d3a92ea82ba8e,bfloat16,flash_attention_2,7,logit_lens,42,12,Mars,20403, Mars,0.91796875,2882,"[{'token_id': 13, 'token': '.', 'logit': 6.96875}, {'token_id': 3966, 'token': '\xa0', 'logit': 6.9375}, {'token_id': 220, 'token': ' ', 'logit': 5.875}, {'token_id': 373, 'token': '�', 'logit': 5.46875}, {'token_id': 5389, 'token': '�', 'logit': 5.28125}, {'token_id': 2038, 'token': 'irt', 'logit': 5.25}, {'token_id': 641, 'token': ' .', 'logit': 5.15625}, {'token_id': 380, 'token': ' M', 'logit': 5.03125}, {'token_id': 54087, 'token': '‑', 'logit': 4.96875}, {'token_id': 471, 'token': ' -', 'logit': 4.96875}]"
1,2026-09-03T06:24:39.744235+00:00,run_20260903T045230Z_qwen36_gold_blue_jlens,vendor/jacobian-lens/data/evaluations/lens-eval-multihop.json,jlens_sanity_mars-color,Fact: The color of the planet fourth from the Sun is ,Qwen/Qwen3.6-27B,6a9e13bd6fc8f0983b9b99948120bc37f49c13e9,Qwen/Qwen3.6-27B,6a9e13bd6fc8f0983b9b99948120bc37f49c13e9,neuronpedia/jacobian-lens,91271eb5b15a43eebed7bb447618738754f1379a,qwen3.6-27b/jlens/Salesforce-wikitext/Qwen3.6-27B_jacobian_lens_n1000.pt,581d398613e5602a5af361e1c34d3a92ea82ba8e,bfloat16,flash_attention_2,7,jlens,42,12,Mars,20403, Mars,2.71875,23620,"[{'token_id': 7736, 'token': ' colors', 'logit': 15.75}, {'token_id': 1829, 'token': ' color', 'logit': 15.6875}, {'token_id': 20391, 'token': 'colors', 'logit': 14.25}, {'token_id': 7640, 'token': '-color', 'logit': 13.3125}, {'token_id': 2062, 'token': '____', 'logit': 13.3125}, {'token_id': 3313, 'token': 'color', 'logit': 13.25}, {'token_id': 29739, 'token': ' ____', 'logit': 12.9375}, {'token_id': 3366, 'token': ' Color', 'logit': 12.875}, {'token_id': 26321, 'token': ' colored', 'logit': 12.6875}, {'token_id': 5785, 'token': '___', 'logit': 12.5}]"
1,2026-09-03T06:24:39.747209+00:00,run_20260903T045230Z_qwen36_gold_blue_jlens,vendor/jacobian-lens/data/evaluations/lens-eval-multihop.json,jlens_sanity_mars-color,Fact: The color of the planet fourth from the Sun is ,Qwen/Qwen3.6-27B,6a9e13bd6fc8f0983b9b99948120bc37f49c13e9,Qwen/Qwen3.6-27B,6a9e13bd6fc8f0983b9b99948120bc37f49c13e9,neuronpedia/jacobian-lens,91271eb5b15a43eebed7bb447618738754f1379a,qwen3.6-27b/jlens/Salesforce-wikitext/Qwen3.6-27B_jacobian_lens_n1000.pt,581d398613e5602a5af361e1c34d3a92ea82ba8e,bfloat16,flash_attention_2,7,logit_lens,43,12,Mars,20403, Mars,0.3125,8450,"[{'token_id': 3966, 'token': '\xa0', 'logit': 6.25}, {'token_id': 13, 'token': '.', 'logit': 5.96875}, {'token_id': 220, 'token': ' ', 'logit': 5.125}, {'token_id': 5389, 'token': '�', 'logit': 4.9375}, {'token_id': 359, 'token': "" '"", 'logit': 4.8125}, {'token_id': 462, 'token': ' H', 'logit': 4.6875}, {'token_id': 1116, 'token': ' ,', 'logit': 4.625}, {'token_id': 380, 'token': ' M', 'logit': 4.59375}, {'token_id': 2423, 'token': ' ...', 'logit': 4.53125}, {'token_id': 373, 'token': '�', 'logit': 4.5}]"
1,2026-09-03T06:24:39.801535+00:00,run_20260903T045230Z_qwen36_gold_blue_jlens,vendor/jacobian-lens/data/evaluations/lens-eval-multihop.json,jlens_sanity_mars-color,Fact: The color of the planet fourth from the Sun is ,Qwen/Qwen3.6-27B,6a9e13bd6fc8f0983b9b99948120bc37f49c13e9,Qwen/Qwen3.6-27B,6a9e13bd6fc8f0983b9b99948120bc37f49c13e9,neuronpedia/jacobian-lens,91271eb5b15a43eebed7bb447618738754f1379a,qwen3.6-27b/jlens/Salesforce-wikitext/Qwen3.6-27B_jacobian_lens_n1000.pt,581d398613e5602a5af361e1c34d3a92ea82ba8e,bfloat16,flash_attention_2,7,jlens,43,12,Mars,20403, Mars,2.75,21011,"[{'token_id': 2062, 'token': '____', 'logit': 15.125}, {'token_id': 29739, 'token': ' ____', 'logit': 14.0625}, {'token_id': 7736, 'token': ' colors', 'logit': 14.0}, {'token_id': 5785, 'token': '___', 'logit': 13.9375}, {'token_id': 1829, 'token': ' color', 'logit': 13.8125}, {'token_id': 20391, 'token': 'colors', 'logit': 13.25}, {'token_id': 31586, 'token': ' ______', 'logit': 12.75}, {'token_id': 3313, 'token': 'color', 'logit': 12.625}, {'token_id': 548, 'token': '__', 'logit': 12.5}, {'token_id': 3366, 'token': ' Color', 'logit': 11.75}]"
1,2026-09-03T06:24:39.805112+00:00,run_20260903T045230Z_qwen36_gold_blue_jlens,vendor/jacobian-lens/data/evaluations/lens-eval-multihop.json,jlens_sanity_mars-color,Fact: The color of the planet fourth from the Sun is ,Qwen/Qwen3.6-27B,6a9e13bd6fc8f0983b9b99948120bc37f49c13e9,Qwen/Qwen3.6-27B,6a9e13bd6fc8f0983b9b99948120bc37f49c13e9,neuronpedia/jacobian-lens,91271eb5b15a43eebed7bb447618738754f1379a,qwen3.6-27b/jlens/Salesforce-wikitext/Qwen3.6-27B_jacobian_lens_n1000.pt,581d398613e5602a5af361e1c34d3a92ea82ba8e,bfloat16,flash_attention_2,7,logit_lens,44,12,Mars,20403, Mars,0.29296875,9935,"[{'token_id': 13, 'token': '.', 'logit': 5.6875}, {'token_id': 3966, 'token': '\xa0', 'logit': 5.5625}, {'token_id': 220, 'token': ' ', 'logit': 5.5625}, {'token_id': 5389, 'token': '�', 'logit': 5.5}, {'token_id': 823, 'token': 'ict', 'logit': 5.0}, {'token_id': 2038, 'token': 'irt', 'logit': 4.875}, {'token_id': 462, 'token': ' H', 'logit': 4.84375}, {'token_id': 1116, 'token': ' ,', 'logit': 4.8125}, {'token_id': 318, 'token': ' (', 'logit': 4.71875}, {'token_id': 3312, 'token': '\\\\', 'logit': 4.6875}]"
1,2026-09-03T06:24:39.845727+00:00,run_20260903T045230Z_qwen36_gold_blue_jlens,vendor/jacobian-lens/data/evaluations/lens-eval-multihop.json,jlens_sanity_mars-color,Fact: The color of the planet fourth from the Sun is ,Qwen/Qwen3.6-27B,6a9e13bd6fc8f0983b9b99948120bc37f49c13e9,Qwen/Qwen3.6-27B,6a9e13bd6fc8f0983b9b99948120bc37f49c13e9,neuronpedia/jacobian-lens,91271eb5b15a43eebed7bb447618738754f1379a,qwen3.6-27b/jlens/Salesforce-wikitext/Qwen3.6-27B_jacobian_lens_n1000.pt,581d398613e5602a5af361e1c34d3a92ea82ba8e,bfloat16,flash_attention_2,7,jlens,44,12,Mars,20403, Mars,2.8125,20596,"[{'token_id': 1829, 'token': ' color', 'logit': 13.125}, {'token_id': 7736, 'token': ' colors', 'logit': 12.875}, {'token_id': 2062, 'token': '____', 'logit': 12.0}, {'token_id': 20391, 'token': 'colors', 'logit': 11.6875}, {'token_id': 5785, 'token': '___', 'logit': 11.5625}, {'token_id': 548, 'token': '__', 'logit': 11.1875}, {'token_id': 29739, 'token': ' ____', 'logit': 11.0625}, {'token_id': 3313, 'token': 'color', 'logit': 11.0}, {'token_id': 256, 'token': '  ', 'logit': 10.9375}, {'token_id': 262, 'token': '   ', 'logit': 10.6875}]"
1,2026-09-03T06:24:39.848787+00:00,run_20260903T045230Z_qwen36_gold_blue_jlens,vendor/jacobian-lens/data/evaluations/lens-eval-multihop.json,jlens_sanity_mars-color,Fact: The color of the planet fourth from the Sun is ,Qwen/Qwen3.6-27B,6a9e13bd6fc8f0983b9b99948120bc37f49c13e9,Qwen/Qwen3.6-27B,6a9e13bd6fc8f0983b9b99948120bc37f49c13e9,neuronpedia/jacobian-lens,91271eb5b15a43eebed7bb447618738754f1379a,qwen3.6-27b/jlens/Salesforce-wikitext/Qwen3.6-27B_jacobian_lens_n1000.pt,581d398613e5602a5af361e1c34d3a92ea82ba8e,bfloat16,flash_attention_2,7,logit_lens,45,12,Mars,20403, Mars,0.1806640625,11718,"[{'token_id': 3966, 'token': '\xa0', 'logit': 5.6875}, {'token_id': 13, 'token': '.', 'logit': 5.625}, {'token_id': 62, 'token': '_', 'logit': 5.1875}, {'token_id': 220, 'token': ' ', 'logit': 5.1875}, {'token_id': 14, 'token': '/', 'logit': 5.1875}, {'token_id': 5389, 'token': '�', 'logit': 5.03125}, {'token_id': 6293, 'token': 'ivo', 'logit': 4.9375}, {'token_id': 3595, 'token': 'ops', 'logit': 4.90625}, {'token_id': 823, 'token': 'ict', 'logit': 4.84375}, {'token_id': 359, 'token': "" '"", 'logit': 4.53125}]"
1,2026-09-03T06:24:39.900159+00:00,run_20260903T045230Z_qwen36_gold_blue_jlens,vendor/jacobian-lens/data/evaluations/lens-eval-multihop.json,jlens_sanity_mars-color,Fact: The color of the planet fourth from the Sun is ,Qwen/Qwen3.6-27B,6a9e13bd6fc8f0983b9b99948120bc37f49c13e9,Qwen/Qwen3.6-27B,6a9e13bd6fc8f0983b9b99948120bc37f49c13e9,neuronpedia/jacobian-lens,91271eb5b15a43eebed7bb447618738754f1379a,qwen3.6-27b/jlens/Salesforce-wikitext/Qwen3.6-27B_jacobian_lens_n1000.pt,581d398613e5602a5af361e1c34d3a92ea82ba8e,bfloat16,flash_attention_2,7,jlens,45,12,Mars,20403, Mars,2.375,29932,"[{'token_id': 1829, 'token': ' color', 'logit': 12.125}, {'token_id': 7736, 'token': ' colors', 'logit': 11.6875}, {'token_id': 2062, 'token': '____', 'logit': 11.0}, {'token_id': 20391, 'token': 'colors', 'logit': 10.8125}, {'token_id': 5785, 'token': '___', 'logit': 10.6875}, {'token_id': 7640, 'token': '-color', 'logit': 10.3125}, {'token_id': 548, 'token': '__', 'logit': 10.25}, {'token_id': 3313, 'token': 'color', 'logit': 10.0625}, {'token_id': 26321, 'token': ' colored', 'logit': 9.875}, {'token_id': 71868, 'token': ' african', 'logit': 9.8125}]"
1,2026-09-03T06:24:39.903713+00:00,run_20260903T045230Z_qwen36_gold_blue_jlens,vendor/jacobian-lens/data/evaluations/lens-eval-multihop.json,jlens_sanity_mars-color,Fact: The color of the planet fourth from the Sun is ,Qwen/Qwen3.6-27B,6a9e13bd6fc8f0983b9b99948120bc37f49c13e9,Qwen/Qwen3.6-27B,6a9e13bd6fc8f0983b9b99948120bc37f49c13e9,neuronpedia/jacobian-lens,91271eb5b15a43eebed7bb447618738754f1379a,qwen3.6-27b/jlens/Salesforce-wikitext/Qwen3.6-27B_jacobian_lens_n1000.pt,581d398613e5602a5af361e1c34d3a92ea82ba8e,bfloat16,flash_attention_2,7,logit_lens,46,12,Mars,20403, Mars,-0.9375,49709,"[{'token_id': 5389, 'token': '�', 'logit': 5.625}, {'token_id': 6293, 'token': 'ivo', 'logit': 5.40625}, {'token_id': 95737, 'token': '�', 'logit': 5.28125}, {'token_id': 13, 'token': '.', 'logit': 5.21875}, {'token_id': 96549, 'token': '喜', 'logit': 5.0625}, {'token_id': 359, 'token': "" '"", 'logit': 5.03125}, {'token_id': 220, 'token': ' ', 'logit': 5.0}, {'token_id': 3595, 'token': 'ops', 'logit': 4.59375}, {'token_id': 96196, 'token': '真', 'logit': 4.5}, {'token_id': 2037, 'token': '\\""', 'logit': 4.5}]"
1,2026-09-03T06:24:39.943809+00:00,run_20260903T045230Z_qwen36_gold_blue_jlens,vendor/jacobian-lens/data/evaluations/lens-eval-multihop.json,jlens_sanity_mars-color,Fact: The color of the planet fourth from the Sun is ,Qwen/Qwen3.6-27B,6a9e13bd6fc8f0983b9b99948120bc37f49c13e9,Qwen/Qwen3.6-27B,6a9e13bd6fc8f0983b9b99948120bc37f49c13e9,neuronpedia/jacobian-lens,91271eb5b15a43eebed7bb447618738754f1379a,qwen3.6-27b/jlens/Salesforce-wikitext/Qwen3.6-27B_jacobian_lens_n1000.pt,581d398613e5602a5af361e1c34d3a92ea82ba8e,bfloat16,flash_attention_2,7,jlens,46,12,Mars,20403, Mars,3.09375,15504,"[{'token_id': 1829, 'token': ' color', 'logit': 11.1875}, {'token_id': 7736, 'token': ' colors', 'logit': 11.0}, {'token_id': 56891, 'token': '．', 'logit': 10.75}, {'token_id': 2062, 'token': '____', 'logit': 10.5625}, {'token_id': 7640, 'token': '-color', 'logit': 10.25}, {'token_id': 20391, 'token': 'colors', 'logit': 10.1875}, {'token_id': 5785, 'token': '___', 'logit': 10.0}, {'token_id': 548, 'token': '__', 'logit': 9.875}, {'token_id': 3313, 'token': 'color', 'logit': 9.875}, {'token_id': 18162, 'token': '__.', 'logit': 9.8125}]"
1,2026-09-03T06:24:39.947350+00:00,run_20260903T045230Z_qwen36_gold_blue_jlens,vendor/jacobian-lens/data/evaluations/lens-eval-multihop.json,jlens_sanity_mars-color,Fact: The color of the planet fourth from the Sun is ,Qwen/Qwen3.6-27B,6a9e13bd6fc8f0983b9b99948120bc37f49c13e9,Qwen/Qwen3.6-27B,6a9e13bd6fc8f0983b9b99948120bc37f49c13e9,neuronpedia/jacobian-lens,91271eb5b15a43eebed7bb447618738754f1379a,qwen3.6-27b/jlens/Salesforce-wikitext/Qwen3.6-27B_jacobian_lens_n1000.pt,581d398613e5602a5af361e1c34d3a92ea82ba8e,bfloat16,flash_attention_2,7,logit_lens,47,12,Mars,20403, Mars,-0.875,46520,"[{'token_id': 5389, 'token': '�', 'logit': 6.21875}, {'token_id': 6293, 'token': 'ivo', 'logit': 5.125}, {'token_id': 13, 'token': '.', 'logit': 5.0625}, {'token_id': 95737, 'token': '�', 'logit': 4.96875}, {'token_id': 823, 'token': 'ict', 'logit': 4.9375}, {'token_id': 96549, 'token': '喜', 'logit': 4.9375}, {'token_id': 7588, 'token': 'igo', 'logit': 4.875}, {'token_id': 220, 'token': ' ', 'logit': 4.78125}, {'token_id': 2037, 'token': '\\""', 'logit': 4.65625}, {'token_id': 135, 'token': '�', 'logit': 4.59375}]"
1,2026-09-03T06:24:40.002205+00:00,run_20260903T045230Z_qwen36_gold_blue_jlens,vendor/jacobian-lens/data/evaluations/lens-eval-multihop.json,jlens_sanity_mars-color,Fact: The color of the planet fourth from the Sun is ,Qwen/Qwen3.6-27B,6a9e13bd6fc8f0983b9b99948120bc37f49c13e9,Qwen/Qwen3.6-27B,6a9e13bd6fc8f0983b9b99948120bc37f49c13e9,neuronpedia/jacobian-lens,91271eb5b15a43eebed7bb447618738754f1379a,qwen3.6-27b/jlens/Salesforce-wikitext/Qwen3.6-27B_jacobian_lens_n1000.pt,581d398613e5602a5af361e1c34d3a92ea82ba8e,bfloat16,flash_attention_2,7,jlens,47,12,Mars,20403, Mars,3.6875,5915,"[{'token_id': 1710, 'token': '。', 'logit': 12.8125}, {'token_id': 56891, 'token': '．', 'logit': 12.4375}, {'token_id': 10992, 'token': '？', 'logit': 12.375}, {'token_id': 2062, 'token': '____', 'logit': 12.0625}, {'token_id': 13, 'token': '.', 'logit': 11.4375}, {'token_id': 5785, 'token': '___', 'logit': 11.0625}, {'token_id': 18162, 'token': '__.', 'logit': 10.875}, {'token_id': 4790, 'token': '_.', 'logit': 10.875}, {'token_id': 1829, 'token': ' color', 'logit': 10.8125}, {'token_id': 548, 'token': '__', 'logit': 10.6875}]"
1,2026-09-03T06:24:40.006578+00:00,run_20260903T045230Z_qwen36_gold_blue_jlens,vendor/jacobian-lens/data/evaluations/lens-eval-multihop.json,jlens_sanity_mars-color,Fact: The color of the planet fourth from the Sun is ,Qwen/Qwen3.6-27B,6a9e13bd6fc8f0983b9b99948120bc37f49c13e9,Qwen/Qwen3.6-27B,6a9e13bd6fc8f0983b9b99948120bc37f49c13e9,neuronpedia/jacobian-lens,91271eb5b15a43eebed7bb447618738754f1379a,qwen3.6-27b/jlens/Salesforce-wikitext/Qwen3.6-27B_jacobian_lens_n1000.pt,581d398613e5602a5af361e1c34d3a92ea82ba8e,bfloat16,flash_attention_2,7,logit_lens,48,12,Mars,20403, Mars,-0.291015625,24311,"[{'token_id': 5389, 'token': '�', 'logit': 5.875}, {'token_id': 95737, 'token': '�', 'logit': 5.375}, {'token_id': 4790, 'token': '_.', 'logit': 5.34375}, {'token_id': 62, 'token': '_', 'logit': 5.3125}, {'token_id': 135, 'token': '�', 'logit': 4.875}, {'token_id': 2892, 'token': ' either', 'logit': 4.875}, {'token_id': 13, 'token': '.', 'logit': 4.84375}, {'token_id': 548, 'token': '__', 'logit': 4.71875}, {'token_id': 220, 'token': ' ', 'logit': 4.6875}, {'token_id': 359, 'token': "" '"", 'logit': 4.6875}]"
1,2026-09-03T06:24:40.047581+00:00,run_20260903T045230Z_qwen36_gold_blue_jlens,vendor/jacobian-lens/data/evaluations/lens-eval-multihop.json,jlens_sanity_mars-color,Fact: The color of the planet fourth from the Sun is ,Qwen/Qwen3.6-27B,6a9e13bd6fc8f0983b9b99948120bc37f49c13e9,Qwen/Qwen3.6-27B,6a9e13bd6fc8f0983b9b99948120bc37f49c13e9,neuronpedia/jacobian-lens,91271eb5b15a43eebed7bb447618738754f1379a,qwen3.6-27b/jlens/Salesforce-wikitext/Qwen3.6-27B_jacobian_lens_n1000.pt,581d398613e5602a5af361e1c34d3a92ea82ba8e,bfloat16,flash_attention_2,7,jlens,48,12,Mars,20403, Mars,4.5625,2432,"[{'token_id': 2062, 'token': '____', 'logit': 13.5}, {'token_id': 262, 'token': '   ', 'logit': 13.3125}, {'token_id': 5785, 'token': '___', 'logit': 13.125}, {'token_id': 548, 'token': '__', 'logit': 13.0625}, {'token_id': 256, 'token': '  ', 'logit': 13.0}, {'token_id': 257, 'token': '    ', 'logit': 12.625}, {'token_id': 33682, 'token': '<u', 'logit': 12.375}, {'token_id': 21742, 'token': '\u3000', 'logit': 12.125}, {'token_id': 29739, 'token': ' ____', 'logit': 11.8125}, {'token_id': 2037, 'token': '\\""', 'logit': 11.8125}]"
1,2026-09-03T06:24:40.060802+00:00,run_20260903T045230Z_qwen36_gold_blue_jlens,vendor/jacobian-lens/data/evaluations/lens-eval-multihop.json,jlens_sanity_mars-color,Fact: The color of the planet fourth from the Sun is ,Qwen/Qwen3.6-27B,6a9e13bd6fc8f0983b9b99948120bc37f49c13e9,Qwen/Qwen3.6-27B,6a9e13bd6fc8f0983b9b99948120bc37f49c13e9,neuronpedia/jacobian-lens,91271eb5b15a43eebed7bb447618738754f1379a,qwen3.6-27b/jlens/Salesforce-wikitext/Qwen3.6-27B_jacobian_lens_n1000.pt,581d398613e5602a5af361e1c34d3a92ea82ba8e,bfloat16,flash_attention_2,7,logit_lens,49,12,Mars,20403, Mars,-0.443359375,28386,"[{'token_id': 2892, 'token': ' either', 'logit': 6.5}, {'token_id': 146147, 'token': '要么是', 'logit': 5.75}, {'token_id': 95737, 'token': '�', 'logit': 5.59375}, {'token_id': 5389, 'token': '�', 'logit': 5.5}, {'token_id': 104964, 'token': '要么', 'logit': 5.3125}, {'token_id': 359, 'token': "" '"", 'logit': 5.1875}, {'token_id': 1076, 'token': '...', 'logit': 5.1875}, {'token_id': 56891, 'token': '．', 'logit': 5.125}, {'token_id': 7018, 'token': ' \\""', 'logit': 5.09375}, {'token_id': 2037, 'token': '\\""', 'logit': 4.9375}]"
1,2026-09-03T06:24:40.104634+00:00,run_20260903T045230Z_qwen36_gold_blue_jlens,vendor/jacobian-lens/data/evaluations/lens-eval-multihop.json,jlens_sanity_mars-color,Fact: The color of the planet fourth from the Sun is ,Qwen/Qwen3.6-27B,6a9e13bd6fc8f0983b9b99948120bc37f49c13e9,Qwen/Qwen3.6-27B,6a9e13bd6fc8f0983b9b99948120bc37f49c13e9,neuronpedia/jacobian-lens,91271eb5b15a43eebed7bb447618738754f1379a,qwen3.6-27b/jlens/Salesforce-wikitext/Qwen3.6-27B_jacobian_lens_n1000.pt,581d398613e5602a5af361e1c34d3a92ea82ba8e,bfloat16,flash_attention_2,7,jlens,49,12,Mars,20403, Mars,4.9375,1447,"[{'token_id': 56891, 'token': '．', 'logit': 12.4375}, {'token_id': 6889, 'token': '.\\', 'logit': 12.125}, {'token_id': 7018, 'token': ' \\""', 'logit': 12.125}, {'token_id': 2037, 'token': '\\""', 'logit': 11.625}, {'token_id': 33682, 'token': '<u', 'logit': 11.3125}, {'token_id': 48219, 'token': 'either', 'logit': 11.3125}, {'token_id': 2892, 'token': ' either', 'logit': 11.25}, {'token_id': 20348, 'token': ' Either', 'logit': 11.1875}, {'token_id': 90256, 'token': ' EITHER', 'logit': 11.1875}, {'token_id': 83866, 'token': '.\\""', 'logit': 11.1875}]"
1,2026-09-03T06:24:40.108146+00:00,run_20260903T045230Z_qwen36_gold_blue_jlens,vendor/jacobian-lens/data/evaluations/lens-eval-multihop.json,jlens_sanity_mars-color,Fact: The color of the planet fourth from the Sun is ,Qwen/Qwen3.6-27B,6a9e13bd6fc8f0983b9b99948120bc37f49c13e9,Qwen/Qwen3.6-27B,6a9e13bd6fc8f0983b9b99948120bc37f49c13e9,neuronpedia/jacobian-lens,91271eb5b15a43eebed7bb447618738754f1379a,qwen3.6-27b/jlens/Salesforce-wikitext/Qwen3.6-27B_jacobian_lens_n1000.pt,581d398613e5602a5af361e1c34d3a92ea82ba8e,bfloat16,flash_attention_2,7,logit_lens,50,12,Mars,20403, Mars,0.37109375,21616,"[{'token_id': 5389, 'token': '�', 'logit': 8.4375}, {'token_id': 56891, 'token': '．', 'logit': 7.5625}, {'token_id': 3966, 'token': '\xa0', 'logit': 7.5}, {'token_id': 54352, 'token': '........................', 'logit': 7.46875}, {'token_id': 135, 'token': '�', 'logit': 7.21875}, {'token_id': 7018, 'token': ' \\""', 'logit': 6.84375}, {'token_id': 7588, 'token': 'igo', 'logit': 6.65625}, {'token_id': 146147, 'token': '要么是', 'logit': 6.5625}, {'token_id': 1116, 'token': ' ,', 'logit': 6.5625}, {'token_id': 2892, 'token': ' either', 'logit': 6.5}]"
1,2026-09-03T06:24:40.148417+00:00,run_20260903T045230Z_qwen36_gold_blue_jlens,vendor/jacobian-lens/data/evaluations/lens-eval-multihop.json,jlens_sanity_mars-color,Fact: The color of the planet fourth from the Sun is ,Qwen/Qwen3.6-27B,6a9e13bd6fc8f0983b9b99948120bc37f49c13e9,Qwen/Qwen3.6-27B,6a9e13bd6fc8f0983b9b99948120bc37f49c13e9,neuronpedia/jacobian-lens,91271eb5b15a43eebed7bb447618738754f1379a,qwen3.6-27b/jlens/Salesforce-wikitext/Qwen3.6-27B_jacobian_lens_n1000.pt,581d398613e5602a5af361e1c34d3a92ea82ba8e,bfloat16,flash_attention_2,7,jlens,50,12,Mars,20403, Mars,5.15625,1032,"[{'token_id': 56891, 'token': '．', 'logit': 13.75}, {'token_id': 262, 'token': '   ', 'logit': 13.0}, {'token_id': 21742, 'token': '\u3000', 'logit': 12.875}, {'token_id': 256, 'token': '  ', 'logit': 12.875}, {'token_id': 1710, 'token': '。', 'logit': 12.4375}, {'token_id': 2062, 'token': '____', 'logit': 12.4375}, {'token_id': 1639, 'token': '\\n', 'logit': 12.25}, {'token_id': 9200, 'token': '<br', 'logit': 12.125}, {'token_id': 257, 'token': '    ', 'logit': 11.9375}, {'token_id': 33682, 'token': '<u', 'logit': 11.8125}]"
1,2026-09-03T06:24:40.151329+00:00,run_20260903T045230Z_qwen36_gold_blue_jlens,vendor/jacobian-lens/data/evaluations/lens-eval-multihop.json,jlens_sanity_mars-color,Fact: The color of the planet fourth from the Sun is ,Qwen/Qwen3.6-27B,6a9e13bd6fc8f0983b9b99948120bc37f49c13e9,Qwen/Qwen3.6-27B,6a9e13bd6fc8f0983b9b99948120bc37f49c13e9,neuronpedia/jacobian-lens,91271eb5b15a43eebed7bb447618738754f1379a,qwen3.6-27b/jlens/Salesforce-wikitext/Qwen3.6-27B_jacobian_lens_n1000.pt,581d398613e5602a5af361e1c34d3a92ea82ba8e,bfloat16,flash_attention_2,7,logit_lens,51,12,Mars,20403, Mars,1.6328125,3999,"[{'token_id': 5389, 'token': '�', 'logit': 8.625}, {'token_id': 56891, 'token': '．', 'logit': 7.125}, {'token_id': 60049, 'token': ' redd', 'logit': 7.09375}, {'token_id': 3966, 'token': '\xa0', 'logit': 7.0625}, {'token_id': 135, 'token': '�', 'logit': 6.78125}, {'token_id': 54352, 'token': '........................', 'logit': 6.75}, {'token_id': 146147, 'token': '要么是', 'logit': 6.5}, {'token_id': 96469, 'token': '红', 'logit': 6.40625}, {'token_id': 101698, 'token': '红色', 'logit': 6.375}, {'token_id': 9114, 'token': ' earth', 'logit': 6.0}]"
1,2026-09-03T06:24:40.200863+00:00,run_20260903T045230Z_qwen36_gold_blue_jlens,vendor/jacobian-lens/data/evaluations/lens-eval-multihop.json,jlens_sanity_mars-color,Fact: The color of the planet fourth from the Sun is ,Qwen/Qwen3.6-27B,6a9e13bd6fc8f0983b9b99948120bc37f49c13e9,Qwen/Qwen3.6-27B,6a9e13bd6fc8f0983b9b99948120bc37f49c13e9,neuronpedia/jacobian-lens,91271eb5b15a43eebed7bb447618738754f1379a,qwen3.6-27b/jlens/Salesforce-wikitext/Qwen3.6-27B_jacobian_lens_n1000.pt,581d398613e5602a5af361e1c34d3a92ea82ba8e,bfloat16,flash_attention_2,7,jlens,51,12,Mars,20403, Mars,6.15625,360,"[{'token_id': 56891, 'token': '．', 'logit': 12.875}, {'token_id': 1829, 'token': ' color', 'logit': 12.0}, {'token_id': 3366, 'token': ' Color', 'logit': 11.0625}, {'token_id': 15294, 'token': '.<', 'logit': 10.875}, {'token_id': 60049, 'token': ' redd', 'logit': 10.8125}, {'token_id': 33682, 'token': '<u', 'logit': 10.8125}, {'token_id': 7736, 'token': ' colors', 'logit': 10.5625}, {'token_id': 7018, 'token': ' \\""', 'logit': 10.5}, {'token_id': 9200, 'token': '<br', 'logit': 10.4375}, {'token_id': 1710, 'token': '。', 'logit': 10.375}]"
1,2026-09-03T06:24:40.204346+00:00,run_20260903T045230Z_qwen36_gold_blue_jlens,vendor/jacobian-lens/data/evaluations/lens-eval-multihop.json,jlens_sanity_mars-color,Fact: The color of the planet fourth from the Sun is ,Qwen/Qwen3.6-27B,6a9e13bd6fc8f0983b9b99948120bc37f49c13e9,Qwen/Qwen3.6-27B,6a9e13bd6fc8f0983b9b99948120bc37f49c13e9,neuronpedia/jacobian-lens,91271eb5b15a43eebed7bb447618738754f1379a,qwen3.6-27b/jlens/Salesforce-wikitext/Qwen3.6-27B_jacobian_lens_n1000.pt,581d398613e5602a5af361e1c34d3a92ea82ba8e,bfloat16,flash_attention_2,7,logit_lens,52,12,Mars,20403, Mars,3.453125,525,"[{'token_id': 60049, 'token': ' redd', 'logit': 9.25}, {'token_id': 5389, 'token': '�', 'logit': 8.0}, {'token_id': 3966, 'token': '\xa0', 'logit': 7.96875}, {'token_id': 96469, 'token': '红', 'logit': 7.96875}, {'token_id': 101698, 'token': '红色', 'logit': 7.71875}, {'token_id': 135, 'token': '�', 'logit': 7.71875}, {'token_id': 96678, 'token': '土', 'logit': 7.34375}, {'token_id': 2438, 'token': ' red', 'logit': 7.125}, {'token_id': 56891, 'token': '．', 'logit': 7.125}, {'token_id': 96405, 'token': '火', 'logit': 7.03125}]"
1,2026-09-03T06:24:40.244934+00:00,run_20260903T045230Z_qwen36_gold_blue_jlens,vendor/jacobian-lens/data/evaluations/lens-eval-multihop.json,jlens_sanity_mars-color,Fact: The color of the planet fourth from the Sun is ,Qwen/Qwen3.6-27B,6a9e13bd6fc8f0983b9b99948120bc37f49c13e9,Qwen/Qwen3.6-27B,6a9e13bd6fc8f0983b9b99948120bc37f49c13e9,neuronpedia/jacobian-lens,91271eb5b15a43eebed7bb447618738754f1379a,qwen3.6-27b/jlens/Salesforce-wikitext/Qwen3.6-27B_jacobian_lens_n1000.pt,581d398613e5602a5af361e1c34d3a92ea82ba8e,bfloat16,flash_attention_2,7,jlens,52,12,Mars,20403, Mars,8.25,91,"[{'token_id': 60049, 'token': ' redd', 'logit': 13.0625}, {'token_id': 1829, 'token': ' color', 'logit': 12.1875}, {'token_id': 56891, 'token': '．', 'logit': 12.125}, {'token_id': 3366, 'token': ' Color', 'logit': 11.6875}, {'token_id': 2438, 'token': ' red', 'logit': 11.25}, {'token_id': 101698, 'token': '红色', 'logit': 11.25}, {'token_id': 7736, 'token': ' colors', 'logit': 11.125}, {'token_id': 18016, 'token': ' orange', 'logit': 11.125}, {'token_id': 33682, 'token': '<u', 'logit': 11.0625}, {'token_id': 3313, 'token': 'color', 'logit': 11.0}]"
1,2026-09-03T06:24:40.258962+00:00,run_20260903T045230Z_qwen36_gold_blue_jlens,vendor/jacobian-lens/data/evaluations/lens-eval-multihop.json,jlens_sanity_mars-color,Fact: The color of the planet fourth from the Sun is ,Qwen/Qwen3.6-27B,6a9e13bd6fc8f0983b9b99948120bc37f49c13e9,Qwen/Qwen3.6-27B,6a9e13bd6fc8f0983b9b99948120bc37f49c13e9,neuronpedia/jacobian-lens,91271eb5b15a43eebed7bb447618738754f1379a,qwen3.6-27b/jlens/Salesforce-wikitext/Qwen3.6-27B_jacobian_lens_n1000.pt,581d398613e5602a5af361e1c34d3a92ea82ba8e,bfloat16,flash_attention_2,7,logit_lens,53,12,Mars,20403, Mars,3.453125,526,"[{'token_id': 60049, 'token': ' redd', 'logit': 8.8125}, {'token_id': 5389, 'token': '�', 'logit': 8.25}, {'token_id': 3966, 'token': '\xa0', 'logit': 8.1875}, {'token_id': 96469, 'token': '红', 'logit': 7.78125}, {'token_id': 101698, 'token': '红色', 'logit': 7.75}, {'token_id': 135, 'token': '�', 'logit': 7.53125}, {'token_id': 197, 'token': '\t', 'logit': 7.375}, {'token_id': 112181, 'token': '的颜色', 'logit': 7.125}, {'token_id': 1829, 'token': ' color', 'logit': 6.96875}, {'token_id': 2438, 'token': ' red', 'logit': 6.875}]"
1,2026-09-03T06:24:40.302971+00:00,run_20260903T045230Z_qwen36_gold_blue_jlens,vendor/jacobian-lens/data/evaluations/lens-eval-multihop.json,jlens_sanity_mars-color,Fact: The color of the planet fourth from the Sun is ,Qwen/Qwen3.6-27B,6a9e13bd6fc8f0983b9b99948120bc37f49c13e9,Qwen/Qwen3.6-27B,6a9e13bd6fc8f0983b9b99948120bc37f49c13e9,neuronpedia/jacobian-lens,91271eb5b15a43eebed7bb447618738754f1379a,qwen3.6-27b/jlens/Salesforce-wikitext/Qwen3.6-27B_jacobian_lens_n1000.pt,581d398613e5602a5af361e1c34d3a92ea82ba8e,bfloat16,flash_attention_2,7,jlens,53,12,Mars,20403, Mars,8.6875,83,"[{'token_id': 60049, 'token': ' redd', 'logit': 13.875}, {'token_id': 1829, 'token': ' color', 'logit': 13.5}, {'token_id': 3366, 'token': ' Color', 'logit': 12.9375}, {'token_id': 3313, 'token': 'color', 'logit': 12.4375}, {'token_id': 7736, 'token': ' colors', 'logit': 12.25}, {'token_id': 101698, 'token': '红色', 'logit': 12.25}, {'token_id': 7640, 'token': '-color', 'logit': 12.0}, {'token_id': 18016, 'token': ' orange', 'logit': 11.9375}, {'token_id': 2438, 'token': ' red', 'logit': 11.9375}, {'token_id': 56891, 'token': '．', 'logit': 11.9375}]"
1,2026-09-03T06:24:40.306528+00:00,run_20260903T045230Z_qwen36_gold_blue_jlens,vendor/jacobian-lens/data/evaluations/lens-eval-multihop.json,jlens_sanity_mars-color,Fact: The color of the planet fourth from the Sun is ,Qwen/Qwen3.6-27B,6a9e13bd6fc8f0983b9b99948120bc37f49c13e9,Qwen/Qwen3.6-27B,6a9e13bd6fc8f0983b9b99948120bc37f49c13e9,neuronpedia/jacobian-lens,91271eb5b15a43eebed7bb447618738754f1379a,qwen3.6-27b/jlens/Salesforce-wikitext/Qwen3.6-27B_jacobian_lens_n1000.pt,581d398613e5602a5af361e1c34d3a92ea82ba8e,bfloat16,flash_attention_2,7,logit_lens,54,12,Mars,20403, Mars,4.59375,185,"[{'token_id': 101698, 'token': '红色', 'logit': 11.125}, {'token_id': 60049, 'token': ' redd', 'logit': 10.3125}, {'token_id': 104525, 'token': '黄色', 'logit': 10.0625}, {'token_id': 2438, 'token': ' red', 'logit': 9.25}, {'token_id': 13358, 'token': ' yellow', 'logit': 9.0625}, {'token_id': 96469, 'token': '红', 'logit': 8.75}, {'token_id': 121129, 'token': '橙色', 'logit': 8.5625}, {'token_id': 112181, 'token': '的颜色', 'logit': 8.5}, {'token_id': 1829, 'token': ' color', 'logit': 8.5}, {'token_id': 13477, 'token': ' brown', 'logit': 8.4375}]"
1,2026-09-03T06:24:40.347423+00:00,run_20260903T045230Z_qwen36_gold_blue_jlens,vendor/jacobian-lens/data/evaluations/lens-eval-multihop.json,jlens_sanity_mars-color,Fact: The color of the planet fourth from the Sun is ,Qwen/Qwen3.6-27B,6a9e13bd6fc8f0983b9b99948120bc37f49c13e9,Qwen/Qwen3.6-27B,6a9e13bd6fc8f0983b9b99948120bc37f49c13e9,neuronpedia/jacobian-lens,91271eb5b15a43eebed7bb447618738754f1379a,qwen3.6-27b/jlens/Salesforce-wikitext/Qwen3.6-27B_jacobian_lens_n1000.pt,581d398613e5602a5af361e1c34d3a92ea82ba8e,bfloat16,flash_attention_2,7,jlens,54,12,Mars,20403, Mars,10.25,96,"[{'token_id': 60049, 'token': ' redd', 'logit': 17.0}, {'token_id': 101698, 'token': '红色', 'logit': 16.625}, {'token_id': 18016, 'token': ' orange', 'logit': 16.5}, {'token_id': 1829, 'token': ' color', 'logit': 16.25}, {'token_id': 13358, 'token': ' yellow', 'logit': 16.125}, {'token_id': 13477, 'token': ' brown', 'logit': 15.5625}, {'token_id': 3366, 'token': ' Color', 'logit': 15.5}, {'token_id': 2438, 'token': ' red', 'logit': 15.3125}, {'token_id': 104525, 'token': '黄色', 'logit': 14.9375}, {'token_id': 3313, 'token': 'color', 'logit': 14.8125}]"
1,2026-09-03T06:24:40.350703+00:00,run_20260903T045230Z_qwen36_gold_blue_jlens,vendor/jacobian-lens/data/evaluations/lens-eval-multihop.json,jlens_sanity_mars-color,Fact: The color of the planet fourth from the Sun is ,Qwen/Qwen3.6-27B,6a9e13bd6fc8f0983b9b99948120bc37f49c13e9,Qwen/Qwen3.6-27B,6a9e13bd6fc8f0983b9b99948120bc37f49c13e9,neuronpedia/jacobian-lens,91271eb5b15a43eebed7bb447618738754f1379a,qwen3.6-27b/jlens/Salesforce-wikitext/Qwen3.6-27B_jacobian_lens_n1000.pt,581d398613e5602a5af361e1c34d3a92ea82ba8e,bfloat16,flash_attention_2,7,logit_lens,55,12,Mars,20403, Mars,6.9375,30,"[{'token_id': 60049, 'token': ' redd', 'logit': 10.5625}, {'token_id': 101698, 'token': '红色', 'logit': 10.3125}, {'token_id': 104525, 'token': '黄色', 'logit': 10.0}, {'token_id': 13358, 'token': ' yellow', 'logit': 9.5625}, {'token_id': 101314, 'token': '橘', 'logit': 9.0625}, {'token_id': 18016, 'token': ' orange', 'logit': 9.0}, {'token_id': 2438, 'token': ' red', 'logit': 9.0}, {'token_id': 121129, 'token': '橙色', 'logit': 8.6875}, {'token_id': 96469, 'token': '红', 'logit': 8.4375}, {'token_id': 96726, 'token': '黄', 'logit': 8.375}]"
1,2026-09-03T06:24:40.394239+00:00,run_20260903T045230Z_qwen36_gold_blue_jlens,vendor/jacobian-lens/data/evaluations/lens-eval-multihop.json,jlens_sanity_mars-color,Fact: The color of the planet fourth from the Sun is ,Qwen/Qwen3.6-27B,6a9e13bd6fc8f0983b9b99948120bc37f49c13e9,Qwen/Qwen3.6-27B,6a9e13bd6fc8f0983b9b99948120bc37f49c13e9,neuronpedia/jacobian-lens,91271eb5b15a43eebed7bb447618738754f1379a,qwen3.6-27b/jlens/Salesforce-wikitext/Qwen3.6-27B_jacobian_lens_n1000.pt,581d398613e5602a5af361e1c34d3a92ea82ba8e,bfloat16,flash_attention_2,7,jlens,55,12,Mars,20403, Mars,12.375,20,"[{'token_id': 18016, 'token': ' orange', 'logit': 17.0}, {'token_id': 13358, 'token': ' yellow', 'logit': 16.5}, {'token_id': 60049, 'token': ' redd', 'logit': 16.375}, {'token_id': 101698, 'token': '红色', 'logit': 15.0}, {'token_id': 2438, 'token': ' red', 'logit': 14.75}, {'token_id': 104525, 'token': '黄色', 'logit': 14.5}, {'token_id': 13477, 'token': ' brown', 'logit': 14.4375}, {'token_id': 5983, 'token': ' green', 'logit': 13.875}, {'token_id': 33034, 'token': 'orange', 'logit': 13.75}, {'token_id': 26964, 'token': 'yellow', 'logit': 13.6875}]"
1,2026-09-03T06:24:40.398516+00:00,run_20260903T045230Z_qwen36_gold_blue_jlens,vendor/jacobian-lens/data/evaluations/lens-eval-multihop.json,jlens_sanity_mars-color,Fact: The color of the planet fourth from the Sun is ,Qwen/Qwen3.6-27B,6a9e13bd6fc8f0983b9b99948120bc37f49c13e9,Qwen/Qwen3.6-27B,6a9e13bd6fc8f0983b9b99948120bc37f49c13e9,neuronpedia/jacobian-lens,91271eb5b15a43eebed7bb447618738754f1379a,qwen3.6-27b/jlens/Salesforce-wikitext/Qwen3.6-27B_jacobian_lens_n1000.pt,581d398613e5602a5af361e1c34d3a92ea82ba8e,bfloat16,flash_attention_2,7,logit_lens,56,12,Mars,20403, Mars,7.3125,29,"[{'token_id': 60049, 'token': ' redd', 'logit': 11.25}, {'token_id': 104525, 'token': '黄色', 'logit': 10.6875}, {'token_id': 13358, 'token': ' yellow', 'logit': 10.5}, {'token_id': 101698, 'token': '红色', 'logit': 10.3125}, {'token_id': 101314, 'token': '橘', 'logit': 9.625}, {'token_id': 18016, 'token': ' orange', 'logit': 9.4375}, {'token_id': 11247, 'token': ' planet', 'logit': 9.0625}, {'token_id': 8964, 'token': ' Earth', 'logit': 8.8125}, {'token_id': 197, 'token': '\t', 'logit': 8.75}, {'token_id': 121129, 'token': '橙色', 'logit': 8.5}]"
1,2026-09-03T06:24:40.439093+00:00,run_20260903T045230Z_qwen36_gold_blue_jlens,vendor/jacobian-lens/data/evaluations/lens-eval-multihop.json,jlens_sanity_mars-color,Fact: The color of the planet fourth from the Sun is ,Qwen/Qwen3.6-27B,6a9e13bd6fc8f0983b9b99948120bc37f49c13e9,Qwen/Qwen3.6-27B,6a9e13bd6fc8f0983b9b99948120bc37f49c13e9,neuronpedia/jacobian-lens,91271eb5b15a43eebed7bb447618738754f1379a,qwen3.6-27b/jlens/Salesforce-wikitext/Qwen3.6-27B_jacobian_lens_n1000.pt,581d398613e5602a5af361e1c34d3a92ea82ba8e,bfloat16,flash_attention_2,7,jlens,56,12,Mars,20403, Mars,12.875,19,"[{'token_id': 18016, 'token': ' orange', 'logit': 17.125}, {'token_id': 60049, 'token': ' redd', 'logit': 17.0}, {'token_id': 13358, 'token': ' yellow', 'logit': 17.0}, {'token_id': 101698, 'token': '红色', 'logit': 14.75}, {'token_id': 2438, 'token': ' red', 'logit': 14.75}, {'token_id': 11247, 'token': ' planet', 'logit': 14.6875}, {'token_id': 6105, 'token': ' blue', 'logit': 14.4375}, {'token_id': 13477, 'token': ' brown', 'logit': 14.25}, {'token_id': 104525, 'token': '黄色', 'logit': 14.1875}, {'token_id': 26964, 'token': 'yellow', 'logit': 14.1875}]"
1,2026-09-03T06:24:40.442147+00:00,run_20260903T045230Z_qwen36_gold_blue_jlens,vendor/jacobian-lens/data/evaluations/lens-eval-multihop.json,jlens_sanity_mars-color,Fact: The color of the planet fourth from the Sun is ,Qwen/Qwen3.6-27B,6a9e13bd6fc8f0983b9b99948120bc37f49c13e9,Qwen/Qwen3.6-27B,6a9e13bd6fc8f0983b9b99948120bc37f49c13e9,neuronpedia/jacobian-lens,91271eb5b15a43eebed7bb447618738754f1379a,qwen3.6-27b/jlens/Salesforce-wikitext/Qwen3.6-27B_jacobian_lens_n1000.pt,581d398613e5602a5af361e1c34d3a92ea82ba8e,bfloat16,flash_attention_2,7,logit_lens,57,12,Mars,20403, Mars,6.90625,23,"[{'token_id': 60049, 'token': ' redd', 'logit': 11.125}, {'token_id': 101698, 'token': '红色', 'logit': 10.0625}, {'token_id': 2438, 'token': ' red', 'logit': 9.125}, {'token_id': 101314, 'token': '橘', 'logit': 9.125}, {'token_id': 13358, 'token': ' yellow', 'logit': 8.9375}, {'token_id': 197, 'token': '\t', 'logit': 8.875}, {'token_id': 104525, 'token': '黄色', 'logit': 8.6875}, {'token_id': 18016, 'token': ' orange', 'logit': 8.5625}, {'token_id': 2892, 'token': ' either', 'logit': 8.25}, {'token_id': 101254, 'token': '橙', 'logit': 7.875}]"
1,2026-09-03T06:24:40.496302+00:00,run_20260903T045230Z_qwen36_gold_blue_jlens,vendor/jacobian-lens/data/evaluations/lens-eval-multihop.json,jlens_sanity_mars-color,Fact: The color of the planet fourth from the Sun is ,Qwen/Qwen3.6-27B,6a9e13bd6fc8f0983b9b99948120bc37f49c13e9,Qwen/Qwen3.6-27B,6a9e13bd6fc8f0983b9b99948120bc37f49c13e9,neuronpedia/jacobian-lens,91271eb5b15a43eebed7bb447618738754f1379a,qwen3.6-27b/jlens/Salesforce-wikitext/Qwen3.6-27B_jacobian_lens_n1000.pt,581d398613e5602a5af361e1c34d3a92ea82ba8e,bfloat16,flash_attention_2,7,jlens,57,12,Mars,20403, Mars,12.625,16,"[{'token_id': 60049, 'token': ' redd', 'logit': 17.75}, {'token_id': 18016, 'token': ' orange', 'logit': 16.25}, {'token_id': 2438, 'token': ' red', 'logit': 16.0}, {'token_id': 13358, 'token': ' yellow', 'logit': 15.875}, {'token_id': 101698, 'token': '红色', 'logit': 15.125}, {'token_id': 24655, 'token': ' Yellow', 'logit': 13.625}, {'token_id': 33034, 'token': 'orange', 'logit': 13.25}, {'token_id': 26964, 'token': 'yellow', 'logit': 13.25}, {'token_id': 3605, 'token': ' Red', 'logit': 13.1875}, {'token_id': 6105, 'token': ' blue', 'logit': 13.1875}]"
1,2026-09-03T06:24:40.499789+00:00,run_20260903T045230Z_qwen36_gold_blue_jlens,vendor/jacobian-lens/data/evaluations/lens-eval-multihop.json,jlens_sanity_mars-color,Fact: The color of the planet fourth from the Sun is ,Qwen/Qwen3.6-27B,6a9e13bd6fc8f0983b9b99948120bc37f49c13e9,Qwen/Qwen3.6-27B,6a9e13bd6fc8f0983b9b99948120bc37f49c13e9,neuronpedia/jacobian-lens,91271eb5b15a43eebed7bb447618738754f1379a,qwen3.6-27b/jlens/Salesforce-wikitext/Qwen3.6-27B_jacobian_lens_n1000.pt,581d398613e5602a5af361e1c34d3a92ea82ba8e,bfloat16,flash_attention_2,7,logit_lens,58,12,Mars,20403, Mars,5.125,41,"[{'token_id': 60049, 'token': ' redd', 'logit': 9.3125}, {'token_id': 2438, 'token': ' red', 'logit': 8.875}, {'token_id': 101698, 'token': '红色', 'logit': 8.6875}, {'token_id': 197, 'token': '\t', 'logit': 8.375}, {'token_id': 101314, 'token': '橘', 'logit': 8.1875}, {'token_id': 18016, 'token': ' orange', 'logit': 7.53125}, {'token_id': 13358, 'token': ' yellow', 'logit': 7.40625}, {'token_id': 104525, 'token': '黄色', 'logit': 7.09375}, {'token_id': 96469, 'token': '红', 'logit': 6.78125}, {'token_id': 101254, 'token': '橙', 'logit': 6.625}]"
1,2026-09-03T06:24:40.542039+00:00,run_20260903T045230Z_qwen36_gold_blue_jlens,vendor/jacobian-lens/data/evaluations/lens-eval-multihop.json,jlens_sanity_mars-color,Fact: The color of the planet fourth from the Sun is ,Qwen/Qwen3.6-27B,6a9e13bd6fc8f0983b9b99948120bc37f49c13e9,Qwen/Qwen3.6-27B,6a9e13bd6fc8f0983b9b99948120bc37f49c13e9,neuronpedia/jacobian-lens,91271eb5b15a43eebed7bb447618738754f1379a,qwen3.6-27b/jlens/Salesforce-wikitext/Qwen3.6-27B_jacobian_lens_n1000.pt,581d398613e5602a5af361e1c34d3a92ea82ba8e,bfloat16,flash_attention_2,7,jlens,58,12,Mars,20403, Mars,12.4375,24,"[{'token_id': 60049, 'token': ' redd', 'logit': 19.0}, {'token_id': 2438, 'token': ' red', 'logit': 17.875}, {'token_id': 18016, 'token': ' orange', 'logit': 17.75}, {'token_id': 13358, 'token': ' yellow', 'logit': 16.25}, {'token_id': 101698, 'token': '红色', 'logit': 16.125}, {'token_id': 3605, 'token': ' Red', 'logit': 14.75}, {'token_id': 33034, 'token': 'orange', 'logit': 14.3125}, {'token_id': 21281, 'token': ' Orange', 'logit': 14.1875}, {'token_id': 24655, 'token': ' Yellow', 'logit': 14.0}, {'token_id': 1114, 'token': 'red', 'logit': 13.75}]"
1,2026-09-03T06:24:40.545503+00:00,run_20260903T045230Z_qwen36_gold_blue_jlens,vendor/jacobian-lens/data/evaluations/lens-eval-multihop.json,jlens_sanity_mars-color,Fact: The color of the planet fourth from the Sun is ,Qwen/Qwen3.6-27B,6a9e13bd6fc8f0983b9b99948120bc37f49c13e9,Qwen/Qwen3.6-27B,6a9e13bd6fc8f0983b9b99948120bc37f49c13e9,neuronpedia/jacobian-lens,91271eb5b15a43eebed7bb447618738754f1379a,qwen3.6-27b/jlens/Salesforce-wikitext/Qwen3.6-27B_jacobian_lens_n1000.pt,581d398613e5602a5af361e1c34d3a92ea82ba8e,bfloat16,flash_attention_2,7,logit_lens,59,12,Mars,20403, Mars,7.4375,25,"[{'token_id': 60049, 'token': ' redd', 'logit': 12.8125}, {'token_id': 101314, 'token': '橘', 'logit': 12.375}, {'token_id': 2438, 'token': ' red', 'logit': 11.25}, {'token_id': 18016, 'token': ' orange', 'logit': 10.8125}, {'token_id': 101698, 'token': '红色', 'logit': 9.9375}, {'token_id': 101254, 'token': '橙', 'logit': 9.8125}, {'token_id': 197, 'token': '\t', 'logit': 9.25}, {'token_id': 96469, 'token': '红', 'logit': 9.125}, {'token_id': 121129, 'token': '橙色', 'logit': 9.0625}, {'token_id': 13358, 'token': ' yellow', 'logit': 9.0}]"
1,2026-09-03T06:24:40.588083+00:00,run_20260903T045230Z_qwen36_gold_blue_jlens,vendor/jacobian-lens/data/evaluations/lens-eval-multihop.json,jlens_sanity_mars-color,Fact: The color of the planet fourth from the Sun is ,Qwen/Qwen3.6-27B,6a9e13bd6fc8f0983b9b99948120bc37f49c13e9,Qwen/Qwen3.6-27B,6a9e13bd6fc8f0983b9b99948120bc37f49c13e9,neuronpedia/jacobian-lens,91271eb5b15a43eebed7bb447618738754f1379a,qwen3.6-27b/jlens/Salesforce-wikitext/Qwen3.6-27B_jacobian_lens_n1000.pt,581d398613e5602a5af361e1c34d3a92ea82ba8e,bfloat16,flash_attention_2,7,jlens,59,12,Mars,20403, Mars,11.6875,21,"[{'token_id': 18016, 'token': ' orange', 'logit': 18.375}, {'token_id': 60049, 'token': ' redd', 'logit': 18.25}, {'token_id': 2438, 'token': ' red', 'logit': 17.625}, {'token_id': 13358, 'token': ' yellow', 'logit': 15.25}, {'token_id': 21281, 'token': ' Orange', 'logit': 15.0625}, {'token_id': 3605, 'token': ' Red', 'logit': 14.8125}, {'token_id': 33034, 'token': 'orange', 'logit': 14.375}, {'token_id': 13477, 'token': ' brown', 'logit': 13.5625}, {'token_id': 6105, 'token': ' blue', 'logit': 13.4375}, {'token_id': 101314, 'token': '橘', 'logit': 13.1875}]"
1,2026-09-03T06:24:40.591504+00:00,run_20260903T045230Z_qwen36_gold_blue_jlens,vendor/jacobian-lens/data/evaluations/lens-eval-multihop.json,jlens_sanity_mars-color,Fact: The color of the planet fourth from the Sun is ,Qwen/Qwen3.6-27B,6a9e13bd6fc8f0983b9b99948120bc37f49c13e9,Qwen/Qwen3.6-27B,6a9e13bd6fc8f0983b9b99948120bc37f49c13e9,neuronpedia/jacobian-lens,91271eb5b15a43eebed7bb447618738754f1379a,qwen3.6-27b/jlens/Salesforce-wikitext/Qwen3.6-27B_jacobian_lens_n1000.pt,581d398613e5602a5af361e1c34d3a92ea82ba8e,bfloat16,flash_attention_2,7,logit_lens,60,12,Mars,20403, Mars,8.375,29,"[{'token_id': 2438, 'token': ' red', 'logit': 13.6875}, {'token_id': 60049, 'token': ' redd', 'logit': 13.3125}, {'token_id': 18016, 'token': ' orange', 'logit': 13.3125}, {'token_id': 101314, 'token': '橘', 'logit': 13.0}, {'token_id': 13358, 'token': ' yellow', 'logit': 11.75}, {'token_id': 101698, 'token': '红色', 'logit': 11.4375}, {'token_id': 121129, 'token': '橙色', 'logit': 10.4375}, {'token_id': 101254, 'token': '橙', 'logit': 10.4375}, {'token_id': 33034, 'token': 'orange', 'logit': 10.1875}, {'token_id': 25225, 'token': '_red', 'logit': 10.125}]"
1,2026-09-03T06:24:40.634174+00:00,run_20260903T045230Z_qwen36_gold_blue_jlens,vendor/jacobian-lens/data/evaluations/lens-eval-multihop.json,jlens_sanity_mars-color,Fact: The color of the planet fourth from the Sun is ,Qwen/Qwen3.6-27B,6a9e13bd6fc8f0983b9b99948120bc37f49c13e9,Qwen/Qwen3.6-27B,6a9e13bd6fc8f0983b9b99948120bc37f49c13e9,neuronpedia/jacobian-lens,91271eb5b15a43eebed7bb447618738754f1379a,qwen3.6-27b/jlens/Salesforce-wikitext/Qwen3.6-27B_jacobian_lens_n1000.pt,581d398613e5602a5af361e1c34d3a92ea82ba8e,bfloat16,flash_attention_2,7,jlens,60,12,Mars,20403, Mars,12.1875,28,"[{'token_id': 18016, 'token': ' orange', 'logit': 19.875}, {'token_id': 2438, 'token': ' red', 'logit': 19.25}, {'token_id': 60049, 'token': ' redd', 'logit': 18.875}, {'token_id': 13358, 'token': ' yellow', 'logit': 17.375}, {'token_id': 21281, 'token': ' Orange', 'logit': 16.375}, {'token_id': 3605, 'token': ' Red', 'logit': 15.9375}, {'token_id': 13477, 'token': ' brown', 'logit': 15.375}, {'token_id': 6105, 'token': ' blue', 'logit': 15.3125}, {'token_id': 24655, 'token': ' Yellow', 'logit': 15.125}, {'token_id': 33034, 'token': 'orange', 'logit': 15.0}]"
1,2026-09-03T06:24:40.637666+00:00,run_20260903T045230Z_qwen36_gold_blue_jlens,vendor/jacobian-lens/data/evaluations/lens-eval-multihop.json,jlens_sanity_mars-color,Fact: The color of the planet fourth from the Sun is ,Qwen/Qwen3.6-27B,6a9e13bd6fc8f0983b9b99948120bc37f49c13e9,Qwen/Qwen3.6-27B,6a9e13bd6fc8f0983b9b99948120bc37f49c13e9,neuronpedia/jacobian-lens,91271eb5b15a43eebed7bb447618738754f1379a,qwen3.6-27b/jlens/Salesforce-wikitext/Qwen3.6-27B_jacobian_lens_n1000.pt,581d398613e5602a5af361e1c34d3a92ea82ba8e,bfloat16,flash_attention_2,7,logit_lens,61,12,Mars,20403, Mars,11.5,14,"[{'token_id': 2438, 'token': ' red', 'logit': 18.125}, {'token_id': 60049, 'token': ' redd', 'logit': 15.0}, {'token_id': 3605, 'token': ' Red', 'logit': 13.5625}, {'token_id': 25225, 'token': '_red', 'logit': 13.25}, {'token_id': 101698, 'token': '红色', 'logit': 12.625}, {'token_id': 96469, 'token': '红', 'logit': 12.5}, {'token_id': 18016, 'token': ' orange', 'logit': 12.3125}, {'token_id': 5844, 'token': 'Red', 'logit': 12.25}, {'token_id': 16825, 'token': '.red', 'logit': 12.1875}, {'token_id': 13358, 'token': ' yellow', 'logit': 12.125}]"
1,2026-09-03T06:24:40.679988+00:00,run_20260903T045230Z_qwen36_gold_blue_jlens,vendor/jacobian-lens/data/evaluations/lens-eval-multihop.json,jlens_sanity_mars-color,Fact: The color of the planet fourth from the Sun is ,Qwen/Qwen3.6-27B,6a9e13bd6fc8f0983b9b99948120bc37f49c13e9,Qwen/Qwen3.6-27B,6a9e13bd6fc8f0983b9b99948120bc37f49c13e9,neuronpedia/jacobian-lens,91271eb5b15a43eebed7bb447618738754f1379a,qwen3.6-27b/jlens/Salesforce-wikitext/Qwen3.6-27B_jacobian_lens_n1000.pt,581d398613e5602a5af361e1c34d3a92ea82ba8e,bfloat16,flash_attention_2,7,jlens,61,12,Mars,20403, Mars,12.5,17,"[{'token_id': 2438, 'token': ' red', 'logit': 19.75}, {'token_id': 60049, 'token': ' redd', 'logit': 18.375}, {'token_id': 18016, 'token': ' orange', 'logit': 17.0}, {'token_id': 3605, 'token': ' Red', 'logit': 16.125}, {'token_id': 1114, 'token': 'red', 'logit': 15.3125}, {'token_id': 13358, 'token': ' yellow', 'logit': 15.25}, {'token_id': 31688, 'token': 'redd', 'logit': 14.6875}, {'token_id': 24988, 'token': ' RED', 'logit': 14.1875}, {'token_id': 6105, 'token': ' blue', 'logit': 13.625}, {'token_id': 5844, 'token': 'Red', 'logit': 13.375}]"
1,2026-09-03T06:24:40.683511+00:00,run_20260903T045230Z_qwen36_gold_blue_jlens,vendor/jacobian-lens/data/evaluations/lens-eval-multihop.json,jlens_sanity_mars-color,Fact: The color of the planet fourth from the Sun is ,Qwen/Qwen3.6-27B,6a9e13bd6fc8f0983b9b99948120bc37f49c13e9,Qwen/Qwen3.6-27B,6a9e13bd6fc8f0983b9b99948120bc37f49c13e9,neuronpedia/jacobian-lens,91271eb5b15a43eebed7bb447618738754f1379a,qwen3.6-27b/jlens/Salesforce-wikitext/Qwen3.6-27B_jacobian_lens_n1000.pt,581d398613e5602a5af361e1c34d3a92ea82ba8e,bfloat16,flash_attention_2,7,logit_lens,62,12,Mars,20403, Mars,11.3125,7,"[{'token_id': 2438, 'token': ' red', 'logit': 16.625}, {'token_id': 60049, 'token': ' redd', 'logit': 14.75}, {'token_id': 18016, 'token': ' orange', 'logit': 13.875}, {'token_id': 13358, 'token': ' yellow', 'logit': 12.8125}, {'token_id': 3605, 'token': ' Red', 'logit': 12.6875}, {'token_id': 31688, 'token': 'redd', 'logit': 12.0625}, {'token_id': 2512, 'token': ' called', 'logit': 11.3125}, {'token_id': 20403, 'token': ' Mars', 'logit': 11.3125}, {'token_id': 101314, 'token': '橘', 'logit': 11.25}, {'token_id': 862, 'token': 'umber', 'logit': 11.25}]"
1,2026-09-03T06:24:40.725199+00:00,run_20260903T045230Z_qwen36_gold_blue_jlens,vendor/jacobian-lens/data/evaluations/lens-eval-multihop.json,jlens_sanity_mars-color,Fact: The color of the planet fourth from the Sun is ,Qwen/Qwen3.6-27B,6a9e13bd6fc8f0983b9b99948120bc37f49c13e9,Qwen/Qwen3.6-27B,6a9e13bd6fc8f0983b9b99948120bc37f49c13e9,neuronpedia/jacobian-lens,91271eb5b15a43eebed7bb447618738754f1379a,qwen3.6-27b/jlens/Salesforce-wikitext/Qwen3.6-27B_jacobian_lens_n1000.pt,581d398613e5602a5af361e1c34d3a92ea82ba8e,bfloat16,flash_attention_2,7,jlens,62,12,Mars,20403, Mars,11.5,13,"[{'token_id': 2438, 'token': ' red', 'logit': 16.875}, {'token_id': 60049, 'token': ' redd', 'logit': 16.625}, {'token_id': 18016, 'token': ' orange', 'logit': 16.125}, {'token_id': 3605, 'token': ' Red', 'logit': 14.4375}, {'token_id': 13358, 'token': ' yellow', 'logit': 13.8125}, {'token_id': 31688, 'token': 'redd', 'logit': 13.4375}, {'token_id': 21281, 'token': ' Orange', 'logit': 13.1875}, {'token_id': 6105, 'token': ' blue', 'logit': 12.625}, {'token_id': 24988, 'token': ' RED', 'logit': 12.5}, {'token_id': 13477, 'token': ' brown', 'logit': 11.9375}]"
